director_name,actor_1_name,actor_2_name,actor_3_name,genres,movie_title,comb
Joachim Rønning Espen Sandberg,Johnny Depp,Javier Bardem,Geoffrey Rush,Adventure Action Fantasy Comedy,pirates of the caribbean: dead men tell no tales,Johnny Depp Javier Bardem Geoffrey Rush Joachim Rønning Espen Sandberg Adventure Action Fantasy Comedy
Zack Snyder,Ben Affleck,Henry Cavill,Gal Gadot,Action Adventure Fantasy Sci-Fi,justice league,Ben Affleck Henry Cavill Gal Gadot Zack Snyder Action Adventure Fantasy Sci-Fi
Taika Waititi,Chris Hemsworth,Tom Hiddleston,Cate Blanchett,Action Adventure Fantasy Sci-Fi,thor: ragnarok,Chris Hemsworth Tom Hiddleston Cate Blanchett Taika Waititi Action Adventure Fantasy Sci-Fi
James Gunn,Chris Pratt,Zoe Saldana,Dave Bautista,Action Adventure Comedy Sci-Fi,guardians of the galaxy vol. 2,Chris Pratt Zoe Saldana Dave Bautista James Gunn Action Adventure Comedy Sci-Fi
Sean McNamara,Pierce Brosnan,William Hurt,Benjamin Walker,Fantasy Action Adventure,the king's daughter,Pierce Brosnan William Hurt Benjamin Walker Sean McNamara Fantasy Action Adventure
Adam Spinks,Ben Loyd-Holmes,Sarah Mac,Neil Newbon,Thriller Adventure,extinction: nature has evolved,Ben Loyd-Holmes Sarah Mac Neil Newbon Adam Spinks Thriller Adventure
Rucha Humnabadkar,Ali Fazal,Melanie Chandra,Omi Vaidya,Drama Comedy,for here or to go?,Ali Fazal Melanie Chandra Omi Vaidya Rucha Humnabadkar Drama Comedy
Sarik Andreasyan,Anton Pampushnyy,Sanzhar Madiyev,Sebastien Sisak,Action Fantasy Sci-Fi,guardians,Anton Pampushnyy Sanzhar Madiyev Sebastien Sisak Sarik Andreasyan Action Fantasy Sci-Fi
Peter Hutchings,Victoria Justice,Eden Sher,Ashley Rickards,Comedy,the outcasts,Victoria Justice Eden Sher Ashley Rickards Peter Hutchings Comedy
Patty Jenkins,Gal Gadot,Chris Pine,Robin Wright,Action Adventure Fantasy,wonder woman,Gal Gadot Chris Pine Robin Wright Patty Jenkins Action Adventure Fantasy
Kevin Munroe,Chris Murphy,Ian James Corlett,Matt Olsen,Animation Adventure Comedy Action Family,sly cooper,Chris Murphy Ian James Corlett Matt Olsen Kevin Munroe Animation Adventure Comedy Action Family
James Ponsoldt,Emma Watson,Tom Hanks,John Boyega,Drama Thriller Sci-Fi,the circle,Emma Watson Tom Hanks John Boyega James Ponsoldt Drama Thriller Sci-Fi
Trish Sie,Anna Kendrick,Rebel Wilson,Brittany Snow,Comedy,pitch perfect 3,Anna Kendrick Rebel Wilson Brittany Snow Trish Sie Comedy
Sean Byrne,Ethan Embry,Shiri Appleby,Kiara Glasco,Horror,the devil's candy,Ethan Embry Shiri Appleby Kiara Glasco Sean Byrne Horror
Roberto Doveris,Violeta Castillo,Ingrid Isensee,Mauricio Vaca,Drama,las plantas,Violeta Castillo Ingrid Isensee Mauricio Vaca Roberto Doveris Drama
Lloyd Kaufman,Asta Paredes,Catherine Corcoran,Zac Amino,Comedy Horror,"return to return to nuke 'em high, aka volume 2",Asta Paredes Catherine Corcoran Zac Amino Lloyd Kaufman Comedy Horror
David Jackson,Amanda Leighton,Samantha Boscarino,Hannah Kasulka,TV Movie Thriller,the cheerleader murders,Amanda Leighton Samantha Boscarino Hannah Kasulka David Jackson TV Movie Thriller
Demetri Martin,Demetri Martin,Gillian Jacobs,Christine Woods,Comedy,dean,Demetri Martin Gillian Jacobs Christine Woods Demetri Martin Comedy
Alexandre Bustillo Julien Maury,Stephen Dorff,Lili Taylor,Sam Strike,Horror,leatherface,Stephen Dorff Lili Taylor Sam Strike Alexandre Bustillo Julien Maury Horror
Johannes Roberts,Claire Holt,Mandy Moore,Chris Johnson,Drama Thriller Horror Adventure,47 meters down,Claire Holt Mandy Moore Chris Johnson Johannes Roberts Drama Thriller Horror Adventure
Gabe Klinger,Lucie Lucas,Anton Yelchin,Paulo Calatré,Romance Drama,porto,Lucie Lucas Anton Yelchin Paulo Calatré Gabe Klinger Romance Drama
Aaron Leong,Sean O'Donnell,Alexandria DeBerry,Gary Busey,Comedy Drama Family Fantasy Romance Sci-Fi,mamaboy,Sean O'Donnell Alexandria DeBerry Gary Busey Aaron Leong Comedy Drama Family Fantasy Romance Sci-Fi
Terry George,Oscar Isaac,Charlotte Le Bon,Christian Bale,History Romance Drama,the promise,Oscar Isaac Charlotte Le Bon Christian Bale Terry George History Romance Drama
Benny Boom,Demetrius Shipp Jr.,Danai Gurira,Kat Graham,Drama Music,all eyez on me,Demetrius Shipp Jr. Danai Gurira Kat Graham Benny Boom Drama Music
Nacho Vigalondo,Anne Hathaway,Jason Sudeikis,Tim Blake Nelson,Action Comedy Drama Fantasy Sci-Fi,colossal,Anne Hathaway Jason Sudeikis Tim Blake Nelson Nacho Vigalondo Action Comedy Drama Fantasy Sci-Fi
Derrick Borte,Jonathan Rhys Meyers,Daniel Huttlestone,Dougray Scott,Drama Music,london town,Jonathan Rhys Meyers Daniel Huttlestone Dougray Scott Derrick Borte Drama Music
Martin Koolhoven,Guy Pearce,Dakota Fanning,Carice van Houten,Mystery Thriller Western,brimstone,Guy Pearce Dakota Fanning Carice van Houten Martin Koolhoven Mystery Thriller Western
Alex Helfrecht Jörg Tittel,Agyness Deyn,Jonathan Pryce,Fiona Shaw,Drama Sci-Fi,the white king,Agyness Deyn Jonathan Pryce Fiona Shaw Alex Helfrecht Jörg Tittel Drama Sci-Fi
Laura Poitras,Julian Assange,Sarah Harrison,Jacob Appelbaum,Documentary,risk,Julian Assange Sarah Harrison Jacob Appelbaum Laura Poitras Documentary
Eddie O'Keefe,Emily Browning,Luke Grimes,Ron Livingston,Romance Drama Crime,shangri-la suite,Emily Browning Luke Grimes Ron Livingston Eddie O'Keefe Romance Drama Crime
Ralitza Petrova,Irena Ivanova,Ivan Nalbantov,Ventzislav Konstantinov,Drama,godless,Irena Ivanova Ivan Nalbantov Ventzislav Konstantinov Ralitza Petrova Drama
Peter Chelsom,Asa Butterfield,Britt Robertson,Carla Gugino,Romance Adventure Sci-Fi Drama,the space between us,Asa Butterfield Britt Robertson Carla Gugino Peter Chelsom Romance Adventure Sci-Fi Drama
Raoul Peck,Samuel L. Jackson,James Baldwin,Malcolm X,Documentary,i am not your negro,Samuel L. Jackson James Baldwin Malcolm X Raoul Peck Documentary
Lasse Hallström,Dennis Quaid,Britt Robertson,Josh Gad,Comedy Drama Family Fantasy,a dog's purpose,Dennis Quaid Britt Robertson Josh Gad Lasse Hallström Comedy Drama Family Fantasy
Julian Rosefeldt,Cate Blanchett,Erika Bauer,Ruby Bustamante,Drama,manifesto,Cate Blanchett Erika Bauer Ruby Bustamante Julian Rosefeldt Drama
Jeff Baena,Alison Brie,Dave Franco,Aubrey Plaza,Comedy,the little hours,Alison Brie Dave Franco Aubrey Plaza Jeff Baena Comedy
Richie Keen,Charlie Day,Ice Cube,Tracy Morgan,Comedy,fist fight,Charlie Day Ice Cube Tracy Morgan Richie Keen Comedy
Baran bo Odar,Jamie Foxx,Michelle Monaghan,Dermot Mulroney,Action Crime Thriller,sleepless,Jamie Foxx Michelle Monaghan Dermot Mulroney Baran bo Odar Action Crime Thriller
Gore Verbinski,Dane DeHaan,Jason Isaacs,Mia Goth,Mystery Thriller Horror Sci-Fi,a cure for wellness,Dane DeHaan Jason Isaacs Mia Goth Gore Verbinski Mystery Thriller Horror Sci-Fi
Charlotte Sieling,Jakob Oftebro,Ane Dahl Torp,Søren Malling,Drama Comedy,the man,Jakob Oftebro Ane Dahl Torp Søren Malling Charlotte Sieling Drama Comedy
D.J. Caruso,Vin Diesel,Ice Cube,Samuel L. Jackson,Action Adventure Crime,xxx: return of xander cage,Vin Diesel Ice Cube Samuel L. Jackson D.J. Caruso Action Adventure Crime
Stacy Title,Douglas Smith,Lucien Laviscount,Cressida Bonas,Horror Thriller,the bye bye man,Douglas Smith Lucien Laviscount Cressida Bonas Stacy Title Horror Thriller
Alice Lowe,Alice Lowe,Jo Hartley,Kate Dickie,Horror Comedy Drama Thriller Fantasy,prevenge,Alice Lowe Jo Hartley Kate Dickie Alice Lowe Horror Comedy Drama Thriller Fantasy
Chris McKay,Will Arnett,Zach Galifianakis,Michael Cera,Action Animation Comedy Family Fantasy,the lego batman movie,Will Arnett Zach Galifianakis Michael Cera Chris McKay Action Animation Comedy Family Fantasy
Stephan Streker,Lina El Arabi,Sébastien Houbani,Babak Karimi,Drama,a wedding,Lina El Arabi Sébastien Houbani Babak Karimi Stephan Streker Drama
Stanley Tong,Jackie Chan,Disha Patani,Sonu Sood,Mystery Action Adventure Comedy,kung fu yoga,Jackie Chan Disha Patani Sonu Sood Stanley Tong Mystery Action Adventure Comedy
Vishal Bhardwaj,Saif Ali Khan,Shahid Kapoor,Kangana Ranaut,War History Drama Romance,rangoon,Saif Ali Khan Shahid Kapoor Kangana Ranaut Vishal Bhardwaj War History Drama Romance
G.J. Echternkamp,Manu Bennett,Malcolm McDowell,Marci Miller,Action Comedy Sci-Fi,death race 2050,Manu Bennett Malcolm McDowell Marci Miller G.J. Echternkamp Action Comedy Sci-Fi
Adam Smith,Michael Fassbender,Brendan Gleeson,Lyndsey Marshal,Action Drama Crime Thriller,trespass against us,Michael Fassbender Brendan Gleeson Lyndsey Marshal Adam Smith Action Drama Crime Thriller
Lisa Robinson Annie J. Howell,Betsy Brandt,Chris Beetem,Zev Haworth,Drama,claire in motion,Betsy Brandt Chris Beetem Zev Haworth Lisa Robinson Annie J. Howell Drama
Emily Hagins,Alex Saxon,Alexis G. Zall,Sasha Pieterse,Family Crime,coin heist,Alex Saxon Alexis G. Zall Sasha Pieterse Emily Hagins Family Crime
F. Javier Gutiérrez,Matilda Anna Ingrid Lutz,Alex Roe,Johnny Galecki,Horror,rings,Matilda Anna Ingrid Lutz Alex Roe Johnny Galecki F. Javier Gutiérrez Horror
Alistair Legrand,Vinessa Shaw,Kevin Rahm,Aaron Stanford,Thriller,clinical,Vinessa Shaw Kevin Rahm Aaron Stanford Alistair Legrand Thriller
Bruno Garotti,Michel Joelsas,Alessandra Negrini,Marcello Airoldi,Comedy,eu fico loko,Michel Joelsas Alessandra Negrini Marcello Airoldi Bruno Garotti Comedy
Aram Rappaport,Frank Grillo,Minnie Driver,AnnaSophia Robb,Crime Thriller,the crash,Frank Grillo Minnie Driver AnnaSophia Robb Aram Rappaport Crime Thriller
Tatsuya Oishi Akiyuki Shinbo,Hiroshi Kamiya,Yui Horie,Maaya Sakamoto,Animation Fantasy Mystery,kizumonogatari part 3: reiketsu,Hiroshi Kamiya Yui Horie Maaya Sakamoto Tatsuya Oishi Akiyuki Shinbo Animation Fantasy Mystery
Chad Stahelski,Keanu Reeves,Common,Laurence Fishburne,Thriller Action Crime,john wick: chapter 2,Keanu Reeves Common Laurence Fishburne Chad Stahelski Thriller Action Crime
Jordan Peele,Daniel Kaluuya,Allison Williams,Bradley Whitford,Mystery Thriller Horror,get out,Daniel Kaluuya Allison Williams Bradley Whitford Jordan Peele Mystery Thriller Horror
James Mangold,Hugh Jackman,Patrick Stewart,Dafne Keen,Action Drama Sci-Fi,logan,Hugh Jackman Patrick Stewart Dafne Keen James Mangold Action Drama Sci-Fi
Jordan Vogt-Roberts,Tom Hiddleston,Samuel L. Jackson,Brie Larson,Action Adventure Fantasy,kong: skull island,Tom Hiddleston Samuel L. Jackson Brie Larson Jordan Vogt-Roberts Action Adventure Fantasy
Pete Travis,Riz Ahmed,Billie Piper,James Floyd,Crime Drama Thriller,city of tiny lights,Riz Ahmed Billie Piper James Floyd Pete Travis Crime Drama Thriller
Danny Boyle,Ewan McGregor,Jonny Lee Miller,Ewen Bremner,Crime Drama,t2 trainspotting,Ewan McGregor Jonny Lee Miller Ewen Bremner Danny Boyle Crime Drama
Shane Abbess,Kellan Lutz,Daniel MacPherson,Isabel Lucas,Sci-Fi,science fiction volume one: the osiris child,Kellan Lutz Daniel MacPherson Isabel Lucas Shane Abbess Sci-Fi
Ry Russo-Young,Zoey Deutch,Halston Sage,Logan Miller,Mystery Drama Thriller,before i fall,Zoey Deutch Halston Sage Logan Miller Ry Russo-Young Mystery Drama Thriller
Michael Showalter,Kumail Nanjiani,Zoe Kazan,Holly Hunter,Comedy Drama Romance,the big sick,Kumail Nanjiani Zoe Kazan Holly Hunter Michael Showalter Comedy Drama Romance
Matt Spicer,Aubrey Plaza,Elizabeth Olsen,O'Shea Jackson Jr.,Drama Comedy,ingrid goes west,Aubrey Plaza Elizabeth Olsen O'Shea Jackson Jr. Matt Spicer Drama Comedy
Macon Blair,Melanie Lynskey,Elijah Wood,David Yow,Comedy Crime Drama Thriller,i don't feel at home in this world anymore,Melanie Lynskey Elijah Wood David Yow Macon Blair Comedy Crime Drama Thriller
Guy Ritchie,Charlie Hunnam,Astrid Bergès-Frisbey,Jude Law,Action Drama Fantasy,king arthur: legend of the sword,Charlie Hunnam Astrid Bergès-Frisbey Jude Law Guy Ritchie Action Drama Fantasy
Bill Condon,Emma Watson,Dan Stevens,Luke Evans,Family Fantasy Romance,beauty and the beast,Emma Watson Dan Stevens Luke Evans Bill Condon Family Fantasy Romance
Chester Tam,Stella Maeve,Andy Samberg,Josh Peck,Comedy,take the 10,Stella Maeve Andy Samberg Josh Peck Chester Tam Comedy
Tom McGrath,Alec Baldwin,Miles Bakshi,Jimmy Kimmel,Animation Comedy Family,the boss baby,Alec Baldwin Miles Bakshi Jimmy Kimmel Tom McGrath Animation Comedy Family
Jay Oliva,Matt Ryan,Jason O'Mara,Camilla Luddington,Action Animation Fantasy Sci-Fi Thriller,justice league dark,Matt Ryan Jason O'Mara Camilla Luddington Jay Oliva Action Animation Fantasy Sci-Fi Thriller
Sotiris Tsafoulias,Pigmalion Dadakaridis,Dimitris Katalifos,Manos Vakousis,Thriller Mystery,the other me,Pigmalion Dadakaridis Dimitris Katalifos Manos Vakousis Sotiris Tsafoulias Thriller Mystery
Luca Guadagnino,Timothée Chalamet,Armie Hammer,Michael Stuhlbarg,Romance Drama,call me by your name,Timothée Chalamet Armie Hammer Michael Stuhlbarg Luca Guadagnino Romance Drama
Adam Randall,Bill Milner,Maisie Williams,Rory Kinnear,Action Crime Sci-Fi Thriller,iboy,Bill Milner Maisie Williams Rory Kinnear Adam Randall Action Crime Sci-Fi Thriller
Salvatore Ficarra Valentino Picone,Salvatore Ficarra,Valentino Picone,Vincenzo Amato,Comedy,l'ora legale,Salvatore Ficarra Valentino Picone Vincenzo Amato Salvatore Ficarra Valentino Picone Comedy
Onur Tukel,Sandra Oh,Anne Heche,Alicia Silverstone,Comedy Drama,catfight,Sandra Oh Anne Heche Alicia Silverstone Onur Tukel Comedy Drama
David Lowery,Casey Affleck,Rooney Mara,Will Oldham,Drama Fantasy Romance,a ghost story,Casey Affleck Rooney Mara Will Oldham David Lowery Drama Fantasy Romance
Rupert Sanders,Scarlett Johansson,Michael Pitt,Pilou Asbæk,Action Sci-Fi Thriller,ghost in the shell,Scarlett Johansson Michael Pitt Pilou Asbæk Rupert Sanders Action Sci-Fi Thriller
Matt Murphy,Dean O'Gorman,James Rolleston,Ashleigh Cummings,Action Comedy Crime,pork pie,Dean O'Gorman James Rolleston Ashleigh Cummings Matt Murphy Action Comedy Crime
Karyn Kusama Jovanka Vuckovic Roxanne Benjamin St. Vincent,Natalie Brown,Melanie Lynskey,Breeda Wool,Horror,xx,Natalie Brown Melanie Lynskey Breeda Wool Karyn Kusama Jovanka Vuckovic Roxanne Benjamin St. Vincent Horror
Shaad Ali,Aditya Roy Kapoor,Shraddha Kapoor,Leela Samson,Drama Romance,ok jaanu,Aditya Roy Kapoor Shraddha Kapoor Leela Samson Shaad Ali Drama Romance
James Foley,Dakota Johnson,Jamie Dornan,Eric Johnson,Drama Romance,fifty shades darker,Dakota Johnson Jamie Dornan Eric Johnson James Foley Drama Romance
Craig Johnson,Woody Harrelson,Sandy Oian-Thomas,Shaun Brown,Drama Comedy,wilson,Woody Harrelson Sandy Oian-Thomas Shaun Brown Craig Johnson Drama Comedy
Fyodor Bondarchuk,Rinal Mukhametov,Sergey Garmash,Oleg Menshikov,Drama Romance Sci-Fi,attraction,Rinal Mukhametov Sergey Garmash Oleg Menshikov Fyodor Bondarchuk Drama Romance Sci-Fi
Pascal Bourdiaux,Jean Reno,Reem Kherici,Camille Chamoux,Comedy,family heist,Jean Reno Reem Kherici Camille Chamoux Pascal Bourdiaux Comedy
Caradog W. James,Katee Sackhoff,Lucy Boynton,Javier Botet,Horror,don't knock twice,Katee Sackhoff Lucy Boynton Javier Botet Caradog W. James Horror
Ido Fluk,Dan Stevens,Malin Åkerman,Kerry Bishé,Drama,the ticket,Dan Stevens Malin Åkerman Kerry Bishé Ido Fluk Drama
Ed Gass-Donnelly,Abbie Cornish,Dermot Mulroney,Diego Klattenhoff,Drama Thriller,lavender,Abbie Cornish Dermot Mulroney Diego Klattenhoff Ed Gass-Donnelly Drama Thriller
Christopher Smith,Tye Sheridan,Bel Powley,Emory Cohen,Thriller,detour,Tye Sheridan Bel Powley Emory Cohen Christopher Smith Thriller
Bill Purple,Jason Sudeikis,Maisie Williams,Jessica Biel,Drama,the book of love,Jason Sudeikis Maisie Williams Jessica Biel Bill Purple Drama
Aki Kaurismäki,Sakari Kuosmanen,Sherwan Haji,Simon Al-Bazoon,Comedy Drama,the other side of hope,Sakari Kuosmanen Sherwan Haji Simon Al-Bazoon Aki Kaurismäki Comedy Drama
Alex Grossman,Troy Doherty,Flavia Watson,Raychel Diane Weiner,Comedy,hickey,Troy Doherty Flavia Watson Raychel Diane Weiner Alex Grossman Comedy
Arnaud des Pallières,Adèle Exarchopoulos,Adèle Haenel,Solène Rigot,Drama,orphan,Adèle Exarchopoulos Adèle Haenel Solène Rigot Arnaud des Pallières Drama
Martín Hodara,Ricardo Darín,Leonardo Sbaraglia,Laia Costa,Mystery Drama Crime Thriller,black snow,Ricardo Darín Leonardo Sbaraglia Laia Costa Martín Hodara Mystery Drama Crime Thriller
Akiva Schaffer Scott Aukerman,Michael Bolton,Adam Scott,Sarah Shahi,Comedy Music,"michael bolton's big, sexy valentine's day special",Michael Bolton Adam Scott Sarah Shahi Akiva Schaffer Scott Aukerman Comedy Music
Evan Oppenheimer,Brett Dalton,Emily Atack,Stana Katic,Adventure Drama Romance,lost in florence,Brett Dalton Emily Atack Stana Katic Evan Oppenheimer Adventure Drama Romance
Ben Browder,Gina Gershon,Sean Astin,Sammi Hanratty,Mystery Comedy Thriller Sci-Fi Fantasy,bad kids of crestview academy,Gina Gershon Sean Astin Sammi Hanratty Ben Browder Mystery Comedy Thriller Sci-Fi Fantasy
Sydney Sibilia,Edoardo Leo,Valerio Aprea,Stefano Fresi,Action Comedy Crime,smetto quando voglio: masterclass,Edoardo Leo Valerio Aprea Stefano Fresi Sydney Sibilia Action Comedy Crime
Oliver Schmitz,Andrea Riseborough,Steve Coogan,Deon Lotz,Drama,shepherds and butchers,Andrea Riseborough Steve Coogan Deon Lotz Oliver Schmitz Drama
James Franco,James Franco,Nat Wolff,Selena Gomez,Drama,in dubious battle,James Franco Nat Wolff Selena Gomez James Franco Drama
Cate Shortland,Teresa Palmer,Max Riemelt,Matthias Habich,Mystery Thriller Drama Horror,berlin syndrome,Teresa Palmer Max Riemelt Matthias Habich Cate Shortland Mystery Thriller Drama Horror
Jenny Gage,Dusty Rose Ryan,Lena M.,Ginger Leigh Ryan,Documentary,all this panic,Dusty Rose Ryan Lena M. Ginger Leigh Ryan Jenny Gage Documentary
Joel David Moore,Frank Langella,Billy Crudup,Christina Applegate,Comedy Drama,youth in oregon,Frank Langella Billy Crudup Christina Applegate Joel David Moore Comedy Drama
Terrence Malick,Michael Fassbender,Ryan Gosling,Rooney Mara,Drama Music Romance,song to song,Michael Fassbender Ryan Gosling Rooney Mara Terrence Malick Drama Music Romance
Marti Noxon,Lily Collins,Carrie Preston,Lili Taylor,Drama,to the bone,Lily Collins Carrie Preston Lili Taylor Marti Noxon Drama
Michael Stephenson,Bob Odenkirk,Amber Tamblyn,Natasha Lyonne,Comedy Drama,girlfriend's day,Bob Odenkirk Amber Tamblyn Natasha Lyonne Michael Stephenson Comedy Drama
Liu Jian,Yang Siming,Cao Kou,Ma Xiaofeng,Animation Crime,have a nice day,Yang Siming Cao Kou Ma Xiaofeng Liu Jian Animation Crime
Anne Hamilton,Peyton Kennedy,Richard Schiff,Kip Pardue,Drama Thriller,american fable,Peyton Kennedy Richard Schiff Kip Pardue Anne Hamilton Drama Thriller
Marc Rothemund,Kostja Ullmann,Anna Maria Mühe,Jacob Matschenz,Comedy,my blind date with life,Kostja Ullmann Anna Maria Mühe Jacob Matschenz Marc Rothemund Comedy
Mirjana Karanović,Mirjana Karanović,Boris Isaković,Marko Nikolić,Drama,a good wife,Mirjana Karanović Boris Isaković Marko Nikolić Mirjana Karanović Drama
Agnieszka Holland,Agnieszka Mandat-Grabka,Wiktor Zborowski,Jakub Gierszał,Crime Drama Mystery Thriller,spoor,Agnieszka Mandat-Grabka Wiktor Zborowski Jakub Gierszał Agnieszka Holland Crime Drama Mystery Thriller
Francis Lee,Josh O'Connor,Alec Secareanu,Ian Hart,Romance Drama,god's own country,Josh O'Connor Alec Secareanu Ian Hart Francis Lee Romance Drama
Sebastián Lelio,Daniela Vega,Francisco Reyes,Luis Gnecco,Drama,a fantastic woman,Daniela Vega Francisco Reyes Luis Gnecco Sebastián Lelio Drama
Teresa Villaverde,João Pedro Vaz,Alice Albergaria Borges,Beatriz Batarda,Drama,colo,João Pedro Vaz Alice Albergaria Borges Beatriz Batarda Teresa Villaverde Drama
Călin Peter Netzer,Mircea Postelnicu,Diana Cavallioti,Carmen Tănase,Drama,"ana, my love",Mircea Postelnicu Diana Cavallioti Carmen Tănase Călin Peter Netzer Drama
Rezo Gigineishvili,Irakli Kvirikadze,Tinatin Dalakishvili,Merab Ninidze,Drama,hostages,Irakli Kvirikadze Tinatin Dalakishvili Merab Ninidze Rezo Gigineishvili Drama
So Yong Kim,Jena Malone,Riley Keough,Jessie Ok Gray,Drama Romance,lovesong,Jena Malone Riley Keough Jessie Ok Gray So Yong Kim Drama Romance
Vladimir Besedin,Aleksandr Gorbatov,Ivan Fominov,Anton Kuznetsov,Action Adventure Sci-Fi Drama,major grom,Aleksandr Gorbatov Ivan Fominov Anton Kuznetsov Vladimir Besedin Action Adventure Sci-Fi Drama
Peter W. Kunhardt Brian Oakes,Warren Buffett,Susan Buffett,Bill Gates,Documentary,becoming warren buffett,Warren Buffett Susan Buffett Bill Gates Peter W. Kunhardt Brian Oakes Documentary
Catalina Aguilar Mastretta,Karla Souza,José María Yazpik,Ben O'Toole,Romance Comedy,everybody loves somebody,Karla Souza José María Yazpik Ben O'Toole Catalina Aguilar Mastretta Romance Comedy
Dany Boon,Alice Pol,Dany Boon,Michel Blanc,Action Comedy,r.a.i.d. special unit,Alice Pol Dany Boon Michel Blanc Dany Boon Action Comedy
Leslie Libman,Natasha Bassett,Jenna Berman,Matthew Harrison,Drama TV Movie,britney ever after,Natasha Bassett Jenna Berman Matthew Harrison Leslie Libman Drama TV Movie
Kerstin Karlhuber,Tom Wopat,Michael Grant,Gregory Harrison,Family Drama,fair haven,Tom Wopat Michael Grant Gregory Harrison Kerstin Karlhuber Family Drama
Destin Cretton,Brie Larson,Woody Harrelson,Naomi Watts,Drama,the glass castle,Brie Larson Woody Harrelson Naomi Watts Destin Cretton Drama
Thomas Torrey,Thomas Torrey,Katherine Drew,J.R. Adduci,Drama Thriller,fare,Thomas Torrey Katherine Drew J.R. Adduci Thomas Torrey Drama Thriller
Dome Karukoski,Pekka Strang,Lauri Tilkanen,Jakob Oftebro,Drama,tom of finland,Pekka Strang Lauri Tilkanen Jakob Oftebro Dome Karukoski Drama
Kris Avedisian,Louisa Krause,Allie Marshall,Ariana DeFusco,Drama Comedy,donald cried,Louisa Krause Allie Marshall Ariana DeFusco Kris Avedisian Drama Comedy
Mike Dudko,Rachel Barrer,Gleb Kaminer,Shaun Rey,Horror Comedy,zombie pizza,Rachel Barrer Gleb Kaminer Shaun Rey Mike Dudko Horror Comedy
Lone Scherfig,Gemma Arterton,Sam Claflin,Bill Nighy,Romance War Comedy Drama,their finest,Gemma Arterton Sam Claflin Bill Nighy Lone Scherfig Romance War Comedy Drama
Joseph Ruben,Michiel Huisman,Hera Hilmar,Josh Hartnett,Romance Drama War,the ottoman lieutenant,Michiel Huisman Hera Hilmar Josh Hartnett Joseph Ruben Romance Drama War
William Oldroyd,Florence Pugh,Cosmo Jarvis,Paul Hilton,Drama,lady macbeth,Florence Pugh Cosmo Jarvis Paul Hilton William Oldroyd Drama
Ritesh Batra,Jim Broadbent,Charlotte Rampling,Harriet Walter,Mystery Drama,the sense of an ending,Jim Broadbent Charlotte Rampling Harriet Walter Ritesh Batra Mystery Drama
Susan Johnson,Bel Powley,Nathan Lane,Gabriel Byrne,Drama Comedy,carrie pilby,Bel Powley Nathan Lane Gabriel Byrne Susan Johnson Drama Comedy
James Franco Pamela Romanowsky,James Franco,Tim Blake Nelson,Lori Singer,Thriller,the institute,James Franco Tim Blake Nelson Lori Singer James Franco Pamela Romanowsky Thriller
Filippo Capuzzi Lapietra,Felipe Castanhari,Rafinha Bastos,PC Siqueira,Comedy,internet - o filme,Felipe Castanhari Rafinha Bastos PC Siqueira Filippo Capuzzi Lapietra Comedy
Mehdi Idir Grand Corps Malade,Pablo Pauly,Soufiane Guerrab,Moussa Mansaly,Drama Comedy,patients,Pablo Pauly Soufiane Guerrab Moussa Mansaly Mehdi Idir Grand Corps Malade Drama Comedy
Stuart Hazeldine,Sam Worthington,Octavia Spencer,Tim McGraw,Drama Fantasy,the shack,Sam Worthington Octavia Spencer Tim McGraw Stuart Hazeldine Drama Fantasy
Svyatoslav Podgayevskiy,Victoria Agalakova,Vyacheslav Chepurchenko,Alexandra Rebenok,Mystery Horror Thriller,the bride,Victoria Agalakova Vyacheslav Chepurchenko Alexandra Rebenok Svyatoslav Podgayevskiy Mystery Horror Thriller
Daniel Espinosa,Jake Gyllenhaal,Rebecca Ferguson,Ryan Reynolds,Horror Sci-Fi Thriller,life,Jake Gyllenhaal Rebecca Ferguson Ryan Reynolds Daniel Espinosa Horror Sci-Fi Thriller
Sanjay Gupta,Hrithik Roshan,Yami Gautam,Ronit Roy,Action Crime Romance,kaabil,Hrithik Roshan Yami Gautam Ronit Roy Sanjay Gupta Action Crime Romance
Bryan Brewer,Cree Kelly,Allie Rivera,Thatcher Robinson,Horror,the raking,Cree Kelly Allie Rivera Thatcher Robinson Bryan Brewer Horror
J.D. Dillard,Jacob Latimore,Seychelle Gabriel,Sasheer Zamata,Drama Thriller Action Sci-Fi,sleight,Jacob Latimore Seychelle Gabriel Sasheer Zamata J.D. Dillard Drama Thriller Action Sci-Fi
Sarah Adina Smith,Rami Malek,DJ Qualls,Kate Lyn Sheil,Mystery Drama,buster's mal heart,Rami Malek DJ Qualls Kate Lyn Sheil Sarah Adina Smith Mystery Drama
Han Jae-rim,Jo In-sung,Jung Woo-sung,Bae Seong-woo,Drama Crime,the king,Jo In-sung Jung Woo-sung Bae Seong-woo Han Jae-rim Drama Crime
David Ryan Keith,Michael Koltes,Paul Flannery,Lisa Livingstone,Horror,ghosts of darkness,Michael Koltes Paul Flannery Lisa Livingstone David Ryan Keith Horror
Dean Israelite,Dacre Montgomery,Naomi Scott,RJ Cyler,Action Adventure Sci-Fi,power rangers,Dacre Montgomery Naomi Scott RJ Cyler Dean Israelite Action Adventure Sci-Fi
Ridley Scott,Michael Fassbender,Katherine Waterston,Billy Crudup,Horror Sci-Fi Thriller,alien: covenant,Michael Fassbender Katherine Waterston Billy Crudup Ridley Scott Horror Sci-Fi Thriller
Massimiliano Bruno,Marco Giallini,Alessandro Gassman,Teresa Romagnoli,Comedy,beata ignoranza,Marco Giallini Alessandro Gassman Teresa Romagnoli Massimiliano Bruno Comedy
Ben Wheatley,Sharlto Copley,Armie Hammer,Brie Larson,Action Comedy Crime Thriller,free fire,Sharlto Copley Armie Hammer Brie Larson Ben Wheatley Action Comedy Crime Thriller
Kitty Green,Hannah Cagwin,Aeona Cruz,Liv Bagley,Documentary,casting jonbenet,Hannah Cagwin Aeona Cruz Liv Bagley Kitty Green Documentary
Etienne Comar,Reda Kateb,Cécile de France,Àlex Brendemühl,Drama,django,Reda Kateb Cécile de France Àlex Brendemühl Etienne Comar Drama
Samuli Valkama,Noah Kin,Heikki Nousiainen,Mikko Nousiainen,Comedy Drama,unexpected journey,Noah Kin Heikki Nousiainen Mikko Nousiainen Samuli Valkama Comedy Drama
Oren Moverman,Richard Gere,Laura Linney,Steve Coogan,Drama Thriller,the dinner,Richard Gere Laura Linney Steve Coogan Oren Moverman Drama Thriller
Josef Hader,Josef Hader,Georg Friedrich,Crina Semciuc,Comedy Crime Drama,wild mouse,Josef Hader Georg Friedrich Crina Semciuc Josef Hader Comedy Crime Drama
Brian Vernick,Cheryl M. Bailey,Louis Ballezzi,Shawn Bittenbender,Crime Drama,the avenue,Cheryl M. Bailey Louis Ballezzi Shawn Bittenbender Brian Vernick Crime Drama
Steven C. Miller,Nicolas Cage,Christopher Rob Bowen,Adrian Grenier,Action Crime Thriller,arsenal,Nicolas Cage Christopher Rob Bowen Adrian Grenier Steven C. Miller Action Crime Thriller
Adolfo Martínez Pérez,Ariadna Gil,Roberto Álamo,Antonio Garrido,War,rescue under fire,Ariadna Gil Roberto Álamo Antonio Garrido Adolfo Martínez Pérez War
Vanessa Parise,Haley Pullos,Judd Nelson,Sasha Clements,Drama,from straight a's to xxx,Haley Pullos Judd Nelson Sasha Clements Vanessa Parise Drama
Fernando González Molina,Marta Etura ,Elvira Mínguez,Francesc Orella,Thriller,the invisible guardian,Marta Etura  Elvira Mínguez Francesc Orella Fernando González Molina Thriller
Aaron Katz,Lola Kirke,Zoë Kravitz,John Cho,Thriller,gemini,Lola Kirke Zoë Kravitz John Cho Aaron Katz Thriller
Fiona Gordon Dominique Abel,Fiona Gordon,Dominique Abel,Emmanuelle Riva,Comedy,lost in paris,Fiona Gordon Dominique Abel Emmanuelle Riva Fiona Gordon Dominique Abel Comedy
Francis Whately,Tony Visconti,Gail Ann Dorsey,Tony Basil,Music Documentary,david bowie: the last five years,Tony Visconti Gail Ann Dorsey Tony Basil Francis Whately Music Documentary
Amanda Kernell,Lene Cecilia Sparrok,Mia Sparrok,Maj-Doris Rimpi,Drama,sami blood,Lene Cecilia Sparrok Mia Sparrok Maj-Doris Rimpi Amanda Kernell Drama
Andrew Getty,Fred Koehler,Sean Patrick Flanery,Brianna Brown,Horror,the evil within,Fred Koehler Sean Patrick Flanery Brianna Brown Andrew Getty Horror
Mark Pellington,Shirley MacLaine,Amanda Seyfried,Anne Heche,Comedy Drama,the last word,Shirley MacLaine Amanda Seyfried Anne Heche Mark Pellington Comedy Drama
Dax Shepard,Michael Peña,Dax Shepard,Jessica McNamee,Action Comedy Crime,chips,Michael Peña Dax Shepard Jessica McNamee Dax Shepard Action Comedy Crime
Jeffrey Blitz,Anna Kendrick,Craig Robinson,June Squibb,Comedy Drama,table 19,Anna Kendrick Craig Robinson June Squibb Jeffrey Blitz Comedy Drama
Zach Braff,Morgan Freeman,Michael Caine,Alan Arkin,Crime Comedy Drama,going in style,Morgan Freeman Michael Caine Alan Arkin Zach Braff Crime Comedy Drama
Geoffrey Orthwein Andrew Sullivan,Maika Monroe,Matt O'Leary,Arnar Jónsson,Drama Sci-Fi Thriller,bokeh,Maika Monroe Matt O'Leary Arnar Jónsson Geoffrey Orthwein Andrew Sullivan Drama Sci-Fi Thriller
Philippe Lacheau,Philippe Lacheau,Élodie Fontan,Julien Arruti,Comedy,alibi.com,Philippe Lacheau Élodie Fontan Julien Arruti Philippe Lacheau Comedy
Gavin Wiesen,J.K. Simmons,Analeigh Tipton,Emile Hirsch,Comedy,all nighter,J.K. Simmons Analeigh Tipton Emile Hirsch Gavin Wiesen Comedy
Nicolas Bedos,Nicolas Bedos,Doria Tillier,Denis Podalydès,Romance Drama Comedy,mr & mme adelman,Nicolas Bedos Doria Tillier Denis Podalydès Nicolas Bedos Romance Drama Comedy
Sydney Freeland,Ashleigh Murray,Rachel Crow,Tim Blake Nelson,Drama Comedy Crime,deidra & laney rob a train,Ashleigh Murray Rachel Crow Tim Blake Nelson Sydney Freeland Drama Comedy Crime
Simon Amstell,Simon Amstell,Linda Bassett,Martin Freeman,Sci-Fi Comedy Documentary,carnage: swallowing the past,Simon Amstell Linda Bassett Martin Freeman Simon Amstell Sci-Fi Comedy Documentary
Tommy O'Haver,Melissa Leo,Josh Lucas,Michael Chernus,Crime Drama,the most hated woman in america,Melissa Leo Josh Lucas Michael Chernus Tommy O'Haver Crime Drama
George Mendeluk,Max Irons,Samantha Barks,Terence Stamp,War Drama History Romance,bitter harvest,Max Irons Samantha Barks Terence Stamp George Mendeluk War Drama History Romance
Johnny Martin,Nicolas Cage,Deborah Kara Unger,Anna Hutchison,Action Thriller,vengeance: a love story,Nicolas Cage Deborah Kara Unger Anna Hutchison Johnny Martin Action Thriller
Álex de la Iglesia,Mario Casas,Blanca Suárez,Carmen Machi,Horror Thriller Comedy,the bar,Mario Casas Blanca Suárez Carmen Machi Álex de la Iglesia Horror Thriller Comedy
Ned Crowley,Jim O'Heir,Andrew J. West,Josh McDermitt,Drama Comedy Crime Thriller,middle man,Jim O'Heir Andrew J. West Josh McDermitt Ned Crowley Drama Comedy Crime Thriller
Nathan Adloff,Tim Boardman,Missi Pyle,Stephen Root,Drama,miles,Tim Boardman Missi Pyle Stephen Root Nathan Adloff Drama
Kelly Asbury,Julia Roberts,Ariel Winter,Ellie Kemper,Adventure Animation Comedy Family,smurfs: the lost village,Julia Roberts Ariel Winter Ellie Kemper Kelly Asbury Adventure Animation Comedy Family
Charlie McDowell,Jason Segel,Rooney Mara,Robert Redford,Drama Romance Sci-Fi Thriller,the discovery,Jason Segel Rooney Mara Robert Redford Charlie McDowell Drama Romance Sci-Fi Thriller
Gurinder Chadha,Hugh Bonneville,Gillian Anderson,Michael Gambon,Drama History,viceroy's house,Hugh Bonneville Gillian Anderson Michael Gambon Gurinder Chadha Drama History
Alec Su,Nick Wang,Zhang Lu-Yi,Ruby Lin,Mystery Thriller,the devotion of suspect x,Nick Wang Zhang Lu-Yi Ruby Lin Alec Su Mystery Thriller
Niki Caro,Jessica Chastain,Johan Heldenbergh,Daniel Brühl,Drama History,the zookeeper's wife,Jessica Chastain Johan Heldenbergh Daniel Brühl Niki Caro Drama History
Miguel A. Ferrer,Amy Johnston,Cortney Palm,Rey Goyos,Drama Action,female fight club,Amy Johnston Cortney Palm Rey Goyos Miguel A. Ferrer Drama Action
Robert Legato,Eliza Dushku,Robert Patrick,Chace Crawford,Horror Mystery Thriller,eloise,Eliza Dushku Robert Patrick Chace Crawford Robert Legato Horror Mystery Thriller
Marc Webb,Chris Evans,Mckenna Grace,Lindsay Duncan,Drama,gifted,Chris Evans Mckenna Grace Lindsay Duncan Marc Webb Drama
Sam Liu,Stuart Allan,Jake T. Austin,Taissa Farmiga,Sci-Fi Animation Action,teen titans: the judas contract,Stuart Allan Jake T. Austin Taissa Farmiga Sam Liu Sci-Fi Animation Action
Elliott Lester,Arnold Schwarzenegger,Scoot McNairy,Maggie Grace,Drama Thriller,aftermath,Arnold Schwarzenegger Scoot McNairy Maggie Grace Elliott Lester Drama Thriller
Ole Bornedal,Nicolas Bro,Ulrich Thomsen,Mia Lyhne,Comedy Crime Drama,small town killers,Nicolas Bro Ulrich Thomsen Mia Lyhne Ole Bornedal Comedy Crime Drama
Ricardo Herrera,Andy Goldenberg,Emily Roya O'Brien,Nick Armstrong,Comedy,the bigfoot project,Andy Goldenberg Emily Roya O'Brien Nick Armstrong Ricardo Herrera Comedy
Jon Gunn,Mike Vogel,Erika Christensen,Faye Dunaway,Drama,the case for christ,Mike Vogel Erika Christensen Faye Dunaway Jon Gunn Drama
Leif Tilden,Graham Rogers,Billy Crudup,Liana Liberato,Drama Romance,1 mile to you,Graham Rogers Billy Crudup Liana Liberato Leif Tilden Drama Romance
Aaron Woodley,Jessica Biel,Hilary Swank,Susan Sarandon,Adventure Animation Comedy Family Sci-Fi,spark: a space tail,Jessica Biel Hilary Swank Susan Sarandon Aaron Woodley Adventure Animation Comedy Family Sci-Fi
Stella Meghie,Amandla Stenberg,Nick Robinson,Anika Noni Rose,Drama Romance,"everything, everything",Amandla Stenberg Nick Robinson Anika Noni Rose Stella Meghie Drama Romance
David Bowers,Jason Ian Drucker,Owen Asztalos,Charlie Wright,Comedy Family,diary of a wimpy kid: the long haul,Jason Ian Drucker Owen Asztalos Charlie Wright David Bowers Comedy Family
Alain Gomis,Véro Tshanda Beya Mputu,Gaetan Claudia,Papi Mpaka,Drama,félicité,Véro Tshanda Beya Mputu Gaetan Claudia Papi Mpaka Alain Gomis Drama
Andrey Volgin,Agniya Ditkovskite,Denis Shvedov,Anvar Khalilulaev,Action Fantasy,dance to death,Agniya Ditkovskite Denis Shvedov Anvar Khalilulaev Andrey Volgin Action Fantasy
Dmitriy Kiselev,Evgeny Mironov,Konstantin Khabenskiy,Vladimir Ilin,Adventure Drama History,the spacewalker,Evgeny Mironov Konstantin Khabenskiy Vladimir Ilin Dmitriy Kiselev Adventure Drama History
Seth Gordon,Dwayne Johnson,Zac Efron,Alexandra Daddario,Action Comedy,baywatch,Dwayne Johnson Zac Efron Alexandra Daddario Seth Gordon Action Comedy
Denise Di Novi,Rosario Dawson,Katherine Heigl,Geoff Stults,Drama Thriller,unforgettable,Rosario Dawson Katherine Heigl Geoff Stults Denise Di Novi Drama Thriller
Jonathan Levine,Amy Schumer,Goldie Hawn,Tom Bateman,Action Comedy,snatched,Amy Schumer Goldie Hawn Tom Bateman Jonathan Levine Action Comedy
Alex Kurtzman,Tom Cruise,Russell Crowe,Annabelle Wallis,Thriller Action Adventure,the mummy,Tom Cruise Russell Crowe Annabelle Wallis Alex Kurtzman Thriller Action Adventure
Alastair Orr,Sharni Vinson,Carlyn Burchell,Steve John Ward,Action Horror,from a house on willow street,Sharni Vinson Carlyn Burchell Steve John Ward Alastair Orr Action Horror
F. Gary Gray,Vin Diesel,Jason Statham,Dwayne Johnson,Action Crime Thriller,the fate of the furious,Vin Diesel Jason Statham Dwayne Johnson F. Gary Gray Action Crime Thriller
Bryce Wagoner,Ginger Lynn Allen,Lisa Ann,Janine Lindemulder,Documentary,after porn ends 2,Ginger Lynn Allen Lisa Ann Janine Lindemulder Bryce Wagoner Documentary
Gerard McMurray,Trevor Jackson,Alfre Woodard,Steve Harris,Drama,burning sands,Trevor Jackson Alfre Woodard Steve Harris Gerard McMurray Drama
Ian Truitner,Sunny Mabrey,Lance Broadway,T.J. Hoban,Sci-Fi,teleios,Sunny Mabrey Lance Broadway T.J. Hoban Ian Truitner Sci-Fi
Steven Brill,Adam Sandler,Kevin James,Terry Crews,Comedy,sandy wexler,Adam Sandler Kevin James Terry Crews Steven Brill Comedy
Phil Volken,Bethany Joy Lenz,Danny Glover,Tim Griffin,Action Adventure Crime Drama Thriller,extortion,Bethany Joy Lenz Danny Glover Tim Griffin Phil Volken Action Adventure Crime Drama Thriller
Michael O'Shea,Eric Ruffin,Chloe Levine,Aaron Moten,Horror Drama,the transfiguration,Eric Ruffin Chloe Levine Aaron Moten Michael O'Shea Horror Drama
Carson D. Mell,Steve Zissis,Mark Proksch,Jennifer Irwin,Comedy Horror,another evil,Steve Zissis Mark Proksch Jennifer Irwin Carson D. Mell Comedy Horror
Joe Swanberg,Jake Johnson,Aislinn Derbez,Joe Lo Truglio,Comedy,win it all,Jake Johnson Aislinn Derbez Joe Lo Truglio Joe Swanberg Comedy
David Soren,Kevin Hart,Ed Helms,Thomas Middleditch,Action Animation Comedy Family,captain underpants: the first epic movie,Kevin Hart Ed Helms Thomas Middleditch David Soren Action Animation Comedy Family
Carlos Bolado,Martha Higareda,Alfonso Dosal,Christian Vazquez,Family Comedy,3 idiotas,Martha Higareda Alfonso Dosal Christian Vazquez Carlos Bolado Family Comedy
Zoe Lister-Jones,Zoe Lister-Jones,Adam Pally,Fred Armisen,Comedy,band aid,Zoe Lister-Jones Adam Pally Fred Armisen Zoe Lister-Jones Comedy
Trey Edward Shults,Joel Edgerton,Christopher Abbott,Carmen Ejogo,Horror Mystery Thriller,it comes at night,Joel Edgerton Christopher Abbott Carmen Ejogo Trey Edward Shults Horror Mystery Thriller
Gabriela Cowperthwaite,Kate Mara,Ramón Rodríguez,Tom Felton,Drama War,megan leavey,Kate Mara Ramón Rodríguez Tom Felton Gabriela Cowperthwaite Drama War
Roger Michell,Rachel Weisz,Sam Claflin,Holliday Grainger,Drama Romance,my cousin rachel,Rachel Weisz Sam Claflin Holliday Grainger Roger Michell Drama Romance
Doug Archibald,Artemis Pebdani,Sasha Mitchell,Angela Trimbur,Comedy,i love you both,Artemis Pebdani Sasha Mitchell Angela Trimbur Doug Archibald Comedy
Ari Issler Ben Snyder,Victor Almanzar,Shirley Rumierk,Elizabeth Rodriguez,Drama Crime,11:55,Victor Almanzar Shirley Rumierk Elizabeth Rodriguez Ari Issler Ben Snyder Drama Crime
Brian Fee,Owen Wilson,Cristela Alonzo,Chris Cooper,Family Comedy Animation Adventure,cars 3,Owen Wilson Cristela Alonzo Chris Cooper Brian Fee Family Comedy Animation Adventure
Aisling Walsh,Sally Hawkins,Ethan Hawke,Gabrielle Rose,Drama History Romance,maudie,Sally Hawkins Ethan Hawke Gabrielle Rose Aisling Walsh Drama History Romance
Takanori Tsujimoto,Kevin Dorman,Matthew Mercer,Erin Cahill,Action Adventure Animation Horror Mystery Sci-Fi,resident evil: vendetta,Kevin Dorman Matthew Mercer Erin Cahill Takanori Tsujimoto Action Adventure Animation Horror Mystery Sci-Fi
Fred Wolf,Leah Remini,Charlotte McKinney,Charlie Sheen,Comedy,mad families,Leah Remini Charlotte McKinney Charlie Sheen Fred Wolf Comedy
Luc Bondy,Isabelle Huppert,Louis Garrel,Bulle Ogier,Drama Comedy,false confessions,Isabelle Huppert Louis Garrel Bulle Ogier Luc Bondy Drama Comedy
James Nunn,Mike Mizanin,Anna Van Hooft,Maryse Ouellet Mizanin,Action,the marine 5: battleground,Mike Mizanin Anna Van Hooft Maryse Ouellet Mizanin James Nunn Action
Robert Conway,Monica Engesser,Clint James,Maria Olsen,Horror,the covenant,Monica Engesser Clint James Maria Olsen Robert Conway Horror
Savage Steve Holland,Jace Norman,Davis Cleveland,Haley Tju,Family Fantasy Comedy,rufus 2,Jace Norman Davis Cleveland Haley Tju Savage Steve Holland Family Fantasy Comedy
Colin Trevorrow,Naomi Watts,Jaeden Lieberher,Jacob Tremblay,Thriller Drama Crime,the book of henry,Naomi Watts Jaeden Lieberher Jacob Tremblay Colin Trevorrow Thriller Drama Crime
Brett Haley,Sam Elliott,Laura Prepon,Nick Offerman,Drama,the hero,Sam Elliott Laura Prepon Nick Offerman Brett Haley Drama
Matt Tyrnauer,Thomas Campanella,Mindy Fullilove,Alexander Garvin,Documentary,citizen jane: battle for the city,Thomas Campanella Mindy Fullilove Alexander Garvin Matt Tyrnauer Documentary
Doug Liman,Aaron Taylor-Johnson,John Cena,Laith Nakli,Drama Thriller War,the wall,Aaron Taylor-Johnson John Cena Laith Nakli Doug Liman Drama Thriller War
Salamat Mukhammed-Ali,Armand Assante,Karlygash Mukhamedzhanova,Alexey Frandetti,Action,diamond cartel,Armand Assante Karlygash Mukhamedzhanova Alexey Frandetti Salamat Mukhammed-Ali Action
Justin Barber,Florence Hartigan,Jeanine Jackson,Chelsea Lopez,Horror Mystery Sci-Fi,phoenix forgotten,Florence Hartigan Jeanine Jackson Chelsea Lopez Justin Barber Horror Mystery Sci-Fi
Eduardo Casanova,Jon Kortajarena,Candela Peña,Ana Polvorosa,Drama Comedy,skins,Jon Kortajarena Candela Peña Ana Polvorosa Eduardo Casanova Drama Comedy
George C. Wolfe,Rose Byrne,Renée Elise Goldsberry,Oprah Winfrey,Drama,the immortal life of henrietta lacks,Rose Byrne Renée Elise Goldsberry Oprah Winfrey George C. Wolfe Drama
Jason Connery,Peter Mullan,Jack Lowden,Ophelia Lovibond,Drama Romance,tommy's honour,Peter Mullan Jack Lowden Ophelia Lovibond Jason Connery Drama Romance
John Butler,Nicholas Galitzine,Fionn O'Shea,Moe Dunford,Drama,handsome devil,Nicholas Galitzine Fionn O'Shea Moe Dunford John Butler Drama
Ricardo de Montreuil,Demián Bichir,Gabriel Chavarria,Theo Rossi,Drama,lowriders,Demián Bichir Gabriel Chavarria Theo Rossi Ricardo de Montreuil Drama
Stefan Ruzowitzky,Violetta Schurawlow,Tobias Moretti,Robert Palfrader,Thriller,cold hell,Violetta Schurawlow Tobias Moretti Robert Palfrader Stefan Ruzowitzky Thriller
Vincent J. Guastini Michael McQuown,Cortney Palm,David Hull,Emilia Zoryan,Horror Sci-Fi Thriller,the dark tapes,Cortney Palm David Hull Emilia Zoryan Vincent J. Guastini Michael McQuown Horror Sci-Fi Thriller
Liam O'Donnell,Frank Grillo,Bojana Novaković,Iko Uwais,Action Sci-Fi,beyond skyline,Frank Grillo Bojana Novaković Iko Uwais Liam O'Donnell Action Sci-Fi
Gregori Viens,Henry Phillips,J.K. Simmons,Sarah Silverman,Comedy,punching henry,Henry Phillips J.K. Simmons Sarah Silverman Gregori Viens Comedy
Ken Marino,Eugenio Derbez,Salma Hayek,Rob Lowe,Comedy,how to be a latin lover,Eugenio Derbez Salma Hayek Rob Lowe Ken Marino Comedy
Michael Winterbottom,Steve Coogan,Rob Brydon,Claire Keelan,Drama Comedy,the trip to spain,Steve Coogan Rob Brydon Claire Keelan Michael Winterbottom Drama Comedy
Dave McCary,Kyle Mooney,Claire Danes,Mark Hamill,Comedy Drama,brigsby bear,Kyle Mooney Claire Danes Mark Hamill Dave McCary Comedy Drama
Derik Murray Adrian Buitenhuis,Heath Ledger,Kate Ledger,Kim Ledger,Documentary,i am heath ledger,Heath Ledger Kate Ledger Kim Ledger Derik Murray Adrian Buitenhuis Documentary
Fernando Coimbra,Nicholas Hoult,Logan Marshall-Green,Henry Cavill,Drama War,sand castle,Nicholas Hoult Logan Marshall-Green Henry Cavill Fernando Coimbra Drama War
Robert Dyke,Sarah Butler,Damon Dayoub,Charles Shaughnessy,Action Sci-Fi Adventure,moontrap: target earth,Sarah Butler Damon Dayoub Charles Shaughnessy Robert Dyke Action Sci-Fi Adventure
Roman Karimov,Efim Petrunin,Lyubov Aksyonova,Sofya Rayzman,Comedy,"have fun, vasya!",Efim Petrunin Lyubov Aksyonova Sofya Rayzman Roman Karimov Comedy
Park Kwang-hyun,Ji Chang-wook,Shim Eun-kyung,Ahn Jae-hong,Action,fabricated city,Ji Chang-wook Shim Eun-kyung Ahn Jae-hong Park Kwang-hyun Action
Michael Apted,Noomi Rapace,Orlando Bloom,Michael Douglas,Action Thriller,unlocked,Noomi Rapace Orlando Bloom Michael Douglas Michael Apted Action Thriller
Eric D. Howell,Emilia Clarke,Marton Csokas,Caterina Murino,Drama Mystery Romance Thriller,voice from the stone,Emilia Clarke Marton Csokas Caterina Murino Eric D. Howell Drama Mystery Romance Thriller
E.L. Katz,Nikolaj Coster-Waldau,Jacki Weaver,Robert Forster,Drama Comedy Thriller Crime,small crimes,Nikolaj Coster-Waldau Jacki Weaver Robert Forster E.L. Katz Drama Comedy Thriller Crime
Murat Kepez,Çaglar Çorumlu,Büşra Pekin,Mahir Ipek,Comedy,kolonya cumhuriyeti,Çaglar Çorumlu Büşra Pekin Mahir Ipek Murat Kepez Comedy
Mark Lamprell,Dacre Montgomery,Xavier Samuel,Kris Marshall,Comedy,a few less men,Dacre Montgomery Xavier Samuel Kris Marshall Mark Lamprell Comedy
Richard Sears,Jena Malone,Douglas Smith,Ted Levine,Drama Mystery Thriller,bottom of the world,Jena Malone Douglas Smith Ted Levine Richard Sears Drama Mystery Thriller
Simon West,Dominic Cooper,Gemma Chan,Connie Nielsen,Action Thriller,stratton,Dominic Cooper Gemma Chan Connie Nielsen Simon West Action Thriller
Azazel Jacobs,Debra Winger,Tracy Letts,Aidan Gillen,Comedy,the lovers,Debra Winger Tracy Letts Aidan Gillen Azazel Jacobs Comedy
S.S. Rajamouli,Prabhas,Rana Daggubati,Sathyaraj,Action Adventure History War,baahubali 2: the conclusion,Prabhas Rana Daggubati Sathyaraj S.S. Rajamouli Action Adventure History War
Juanita Wilson,Julia Garner,Jake Weary,Anna Friel,Drama Thriller,tomato red,Julia Garner Jake Weary Anna Friel Juanita Wilson Drama Thriller
Grant Humphreys,Ronan Quarmby,Brad Richards,Barbara Harrison,Sci-Fi,taking earth,Ronan Quarmby Brad Richards Barbara Harrison Grant Humphreys Sci-Fi
Maccio Capatonda,Maccio Capatonda,Maccio Capatonda,Maccio Capatonda,Comedy,omicidio all'italiana,Maccio Capatonda Maccio Capatonda Maccio Capatonda Maccio Capatonda Comedy
Joseph Cedar,Richard Gere,Lior Ashkenazi,Michael Sheen,Comedy Thriller Drama,norman: the moderate rise and tragic fall of a new york fixer,Richard Gere Lior Ashkenazi Michael Sheen Joseph Cedar Comedy Thriller Drama
Jamie Cymbal Ryan Simons,Jimmy Allen,Lindsay Bennett,Chris Blackwood,Horror,seizure,Jimmy Allen Lindsay Bennett Chris Blackwood Jamie Cymbal Ryan Simons Horror
Franck Khalfoun,Bella Thorne,Cameron Monaghan,Jennifer Morrison,Thriller Horror,amityville: the awakening,Bella Thorne Cameron Monaghan Jennifer Morrison Franck Khalfoun Thriller Horror
Sofia Coppola,Colin Farrell,Nicole Kidman,Kirsten Dunst,Drama Western,the beguiled,Colin Farrell Nicole Kidman Kirsten Dunst Sofia Coppola Drama Western
Sierra Pettengill Pacho Velez,Ronald Reagan,Nancy Reagan,Barbara Walters,Documentary,the reagan show,Ronald Reagan Nancy Reagan Barbara Walters Sierra Pettengill Pacho Velez Documentary
Edgar Wright,Ansel Elgort,Lily James,Kevin Spacey,Action Crime,baby driver,Ansel Elgort Lily James Kevin Spacey Edgar Wright Action Crime
Bong Joon-ho,Tilda Swinton,Paul Dano,Ahn Seo-hyun ,Adventure Drama Fantasy Sci-Fi,okja,Tilda Swinton Paul Dano Ahn Seo-hyun  Bong Joon-ho Adventure Drama Fantasy Sci-Fi
Jay Woelfel,Tim Thomerson,Richard Hatch,Tiffany Shepis,Horror,asylum of darkness,Tim Thomerson Richard Hatch Tiffany Shepis Jay Woelfel Horror
Lucia Aniello,Scarlett Johansson,Jillian Bell,Kate McKinnon,Drama Comedy,rough night,Scarlett Johansson Jillian Bell Kate McKinnon Lucia Aniello Drama Comedy
Sean Foley,Julian Barratt,Simon Farnaby,Essie Davis,Comedy,mindhorn,Julian Barratt Simon Farnaby Essie Davis Sean Foley Comedy
Kevin Macdonald,Richard Madden,Flora Spencer-Longhurst,Moshidi Motshegwa,TV Movie Drama Sci-Fi,oasis,Richard Madden Flora Spencer-Longhurst Moshidi Motshegwa Kevin Macdonald TV Movie Drama Sci-Fi
Vlad Yudin,Calum Von Moger,Kai Greene,Rich Piana,Documentary,generation iron 2,Calum Von Moger Kai Greene Rich Piana Vlad Yudin Documentary
Amariah Olson Obin Olson,Jonathan Rhys Meyers,Cam Gigandet,Michael Biehn,Sci-Fi Action Thriller,the shadow effect,Jonathan Rhys Meyers Cam Gigandet Michael Biehn Amariah Olson Obin Olson Sci-Fi Action Thriller
Deven Bhojani,Vidyut Jamwal,Adah Sharma,Freddy Daruwala,Action,commando 2: the black money trail,Vidyut Jamwal Adah Sharma Freddy Daruwala Deven Bhojani Action
Avgousta Zourelidi,Katy Townsend,Debi Derryberry,Cassandra Morris,Family Animation,monster high: electrified,Katy Townsend Debi Derryberry Cassandra Morris Avgousta Zourelidi Family Animation
Geremy Jasper,Danielle Macdonald,Bridget Everett,Siddharth Dhananjay,Drama,patti cake$,Danielle Macdonald Bridget Everett Siddharth Dhananjay Geremy Jasper Drama
Andrey Zvyagintsev,Maryana Spivak,Aleksey Rozin,Matvey Novikov,Drama,loveless,Maryana Spivak Aleksey Rozin Matvey Novikov Andrey Zvyagintsev Drama
Mel Damski,Lacey Chabert,Carlo Marks,Jesse Moss,Romance TV Movie,moonlight in vermont,Lacey Chabert Carlo Marks Jesse Moss Mel Damski Romance TV Movie
Jeff Garlin,Jeff Garlin,Natasha Lyonne,Chris Redd,Comedy,handsome: a netflix mystery movie,Jeff Garlin Natasha Lyonne Chris Redd Jeff Garlin Comedy
Don Argott Sheena M. Joyce,Michael Uslan,Roy Thomas,Marc Tyler Nobleman,Documentary,batman & bill,Michael Uslan Roy Thomas Marc Tyler Nobleman Don Argott Sheena M. Joyce Documentary
Ivan Silvestrini,Katrina Bowden,Jay Hayden,Damon Dayoub,Drama Thriller,monolith,Katrina Bowden Jay Hayden Damon Dayoub Ivan Silvestrini Drama Thriller
Tony E. Valenzuela,Robert Adamson,Alex Frnka,Conchata Ferrell,Horror,the axe murders of villisca,Robert Adamson Alex Frnka Conchata Ferrell Tony E. Valenzuela Horror
Brian Crano,Rebecca Hall,Jason Sudeikis,Dan Stevens,Comedy Romance,permission,Rebecca Hall Jason Sudeikis Dan Stevens Brian Crano Comedy Romance
Arnaud Desplechin,Mathieu Amalric,Marion Cotillard,Charlotte Gainsbourg,Drama Romance Thriller,ismael's ghosts,Mathieu Amalric Marion Cotillard Charlotte Gainsbourg Arnaud Desplechin Drama Romance Thriller
Jonathan Mostow,Sam Worthington,Odeya Rush,Amy Landecker,Action Thriller,the hunter's prayer,Sam Worthington Odeya Rush Amy Landecker Jonathan Mostow Action Thriller
Lucien Jean-Baptiste,Lucien Jean-Baptiste,Aïssa Maïga,Vincent Elbaz,Comedy,he even has your eyes,Lucien Jean-Baptiste Aïssa Maïga Vincent Elbaz Lucien Jean-Baptiste Comedy
Miguel Arteta,Salma Hayek,John Lithgow,Connie Britton,Comedy Drama,beatriz at dinner,Salma Hayek John Lithgow Connie Britton Miguel Arteta Comedy Drama
Dylan Bank Morgan Pehme Daniel DiMauro,Roger Stone,Donald Trump,Paul Manafort,Documentary,get me roger stone,Roger Stone Donald Trump Paul Manafort Dylan Bank Morgan Pehme Daniel DiMauro Documentary
Robert Kirbyson,John Hennigan,Spencer Grammer,Lorenzo Lamas,Action,boone: the bounty hunter,John Hennigan Spencer Grammer Lorenzo Lamas Robert Kirbyson Action
Kyle Balda Pierre Coffin,Steve Carell,Kristen Wiig,Trey Parker,Action Animation Adventure Family Comedy,despicable me 3,Steve Carell Kristen Wiig Trey Parker Kyle Balda Pierre Coffin Action Animation Adventure Family Comedy
Hope Dickson Leach,Ellie Kendrick,David Troughton,Jack Holden,Drama,the levelling,Ellie Kendrick David Troughton Jack Holden Hope Dickson Leach Drama
Alexi Pappas Jeremy Teicher,Alexi Pappas,Chase Offerle,Rebecca Friday,Drama,tracktown,Alexi Pappas Chase Offerle Rebecca Friday Alexi Pappas Jeremy Teicher Drama
Rupert Goold,Tim Pigott-Smith,Charlotte Riley,Oliver Chris,Drama,king charles iii,Tim Pigott-Smith Charlotte Riley Oliver Chris Rupert Goold Drama
Lucas Pavetto,Bill Moseley,Gabriella Wright,John Robinson,Drama Thriller,alcoholist,Bill Moseley Gabriella Wright John Robinson Lucas Pavetto Drama Thriller
Phillip Guzman,Lori Petty,Jesse Bradford,Brea Grant,Horror Thriller,dead awake,Lori Petty Jesse Bradford Brea Grant Phillip Guzman Horror Thriller
Martin Provost,Catherine Frot,Catherine Deneuve,Olivier Gourmet,Comedy Drama,the midwife,Catherine Frot Catherine Deneuve Olivier Gourmet Martin Provost Comedy Drama
Mark Williams,Gerard Butler,Gretchen Mol,Willem Dafoe,Drama,a family man,Gerard Butler Gretchen Mol Willem Dafoe Mark Williams Drama
Barry Levinson,Robert De Niro,Michelle Pfeiffer,Hank Azaria,Crime Drama History TV Movie,the wizard of lies,Robert De Niro Michelle Pfeiffer Hank Azaria Barry Levinson Crime Drama History TV Movie
Hiroyuki Seshita,Takahiro Sakurai,Kana Hanazawa,Sora Amamiya,Action Animation Drama Horror Sci-Fi,blame!,Takahiro Sakurai Kana Hanazawa Sora Amamiya Hiroyuki Seshita Action Animation Drama Horror Sci-Fi
Peter Malota,Jean-Claude Van Damme,Peter Stormare,María Conchita Alonso,Action,kill 'em all,Jean-Claude Van Damme Peter Stormare María Conchita Alonso Peter Malota Action
Tim Smit,Dan Stevens,Bérénice Marlohe,Charity Wakefield,Sci-Fi,kill switch,Dan Stevens Bérénice Marlohe Charity Wakefield Tim Smit Sci-Fi
Ana Lily Amirpour,Suki Waterhouse,Jason Momoa,Jayda Fink,Thriller Romance Sci-Fi,the bad batch,Suki Waterhouse Jason Momoa Jayda Fink Ana Lily Amirpour Thriller Romance Sci-Fi
Sarah Harding,Rowan Atkinson,Lucy Cohu,Shaun Dingwall,TV Movie Crime Mystery Thriller,maigrets night at the crossroads,Rowan Atkinson Lucy Cohu Shaun Dingwall Sarah Harding TV Movie Crime Mystery Thriller
Matt Reeves,Andy Serkis,Woody Harrelson,Steve Zahn,Drama Sci-Fi War,war for the planet of the apes,Andy Serkis Woody Harrelson Steve Zahn Matt Reeves Drama Sci-Fi War
Xavier Manrique,Shiloh Fernandez,Ashley Benson,Addison Timlin,Drama Comedy,chronically metropolitan,Shiloh Fernandez Ashley Benson Addison Timlin Xavier Manrique Drama Comedy
Luis Prieto,Halle Berry,Sage Correa,Chris McGinn,Drama Thriller,kidnap,Halle Berry Sage Correa Chris McGinn Luis Prieto Drama Thriller
Derek Hui,Takeshi Kaneshiro,Zhou Dongyu,Ming Xi,Comedy Romance,this is not what i expected,Takeshi Kaneshiro Zhou Dongyu Ming Xi Derek Hui Comedy Romance
John Cameron Mitchell,Elle Fanning,Nicole Kidman,Ruth Wilson,Comedy Music Romance Sci-Fi,how to talk to girls at parties,Elle Fanning Nicole Kidman Ruth Wilson John Cameron Mitchell Comedy Music Romance Sci-Fi
Noah Baumbach,Adam Sandler,Ben Stiller,Dustin Hoffman,Comedy,the meyerowitz stories,Adam Sandler Ben Stiller Dustin Hoffman Noah Baumbach Comedy
David Michôd,Brad Pitt,Anthony Hayes,John Magaro,Comedy Drama War,war machine,Brad Pitt Anthony Hayes John Magaro David Michôd Comedy Drama War
Josh Greenbaum,George Lazenby,Josh Lawson,Kassandra Clementi,Documentary Comedy,becoming bond,George Lazenby Josh Lawson Kassandra Clementi Josh Greenbaum Documentary Comedy
Rama Burshtein,Noa Kooler,Amos Tamam,Oz Zehavi,Comedy Romance,the wedding plan,Noa Kooler Amos Tamam Oz Zehavi Rama Burshtein Comedy Romance
Richard Curtis Mat Whitecross,Hugh Grant,Colin Firth,Liam Neeson,TV Movie Comedy Romance,red nose day actually,Hugh Grant Colin Firth Liam Neeson Richard Curtis Mat Whitecross TV Movie Comedy Romance
Nick Broomfield Rudi Dolezal,Whitney Houston,Bobbi Kristina Brown,Bobby Brown,Music Documentary,whitney: can i be me,Whitney Houston Bobbi Kristina Brown Bobby Brown Nick Broomfield Rudi Dolezal Music Documentary
Luc Besson,Dane DeHaan,Cara Delevingne,Clive Owen,Adventure Sci-Fi Action,valerian and the city of a thousand planets,Dane DeHaan Cara Delevingne Clive Owen Luc Besson Adventure Sci-Fi Action
Mathieu Ratthe,Alex C. Nachi,Mathieu Ratthe,Victor Andres Turgeon-Trelles,Horror Sci-Fi Action,the gracefield incident,Alex C. Nachi Mathieu Ratthe Victor Andres Turgeon-Trelles Mathieu Ratthe Horror Sci-Fi Action
Amir Bar-Lev,Jerry Garcia,Bob Weir,Mickey Hart,Music Documentary,long strange trip,Jerry Garcia Bob Weir Mickey Hart Amir Bar-Lev Music Documentary
Michael Barnett,Bill Nye,Jeffrey Kluger,Neil deGrasse Tyson,Documentary,the mars generation,Bill Nye Jeffrey Kluger Neil deGrasse Tyson Michael Barnett Documentary
Gábor Herendi Buda Gulyás,Ervin Nagy,Petrik Andrea,Tibor Gáspár,Romance Adventure Drama History,kincsem,Ervin Nagy Petrik Andrea Tibor Gáspár Gábor Herendi Buda Gulyás Romance Adventure Drama History
André Erkau,Kostja Ullmann,Marleen Lohse,Wotan Wilke Möhring,Comedy,happy burnout,Kostja Ullmann Marleen Lohse Wotan Wilke Möhring André Erkau Comedy
Sergey Ginzburg,Konstantin Kryukov,Михаил Пореченков,Aglaya Shilovskaya,Horror Action Fantasy Thriller,vamps,Konstantin Kryukov Михаил Пореченков Aglaya Shilovskaya Sergey Ginzburg Horror Action Fantasy Thriller
Bob Schultz Robert Conway,Whitney Moore,William 'Bill' Connor,Owen Conway,Drama Horror Thriller,breakdown lane,Whitney Moore William 'Bill' Connor Owen Conway Bob Schultz Robert Conway Drama Horror Thriller
Guillaume Canet,Guillaume Canet,Marion Cotillard,Gilles Lellouche,Comedy Music,rock'n roll,Guillaume Canet Marion Cotillard Gilles Lellouche Guillaume Canet Comedy Music
Brian Goodman,Jonathan Rhys Meyers,Antonio Banderas,Piper Perabo,Thriller,black butterfly,Jonathan Rhys Meyers Antonio Banderas Piper Perabo Brian Goodman Thriller
Patrick O'Dell,Steve Rocco,Jeff Tremaine,Johnny Knoxville,Documentary,dumb: the story of big brother magazine,Steve Rocco Jeff Tremaine Johnny Knoxville Patrick O'Dell Documentary
Emer Reynolds,Frank Drake,John Casani,Lawrence Krauss,Documentary,the farthest,Frank Drake John Casani Lawrence Krauss Emer Reynolds Documentary
Toby Genkel Reza Memari,Tilman Döbler,Cooper Kelly Kramer,Shannon Conley,Adventure Animation,a stork's journey,Tilman Döbler Cooper Kelly Kramer Shannon Conley Toby Genkel Reza Memari Adventure Animation
Nick Hamm,Timothy Spall,Colm Meaney,Freddie Highmore,Drama,the journey,Timothy Spall Colm Meaney Freddie Highmore Nick Hamm Drama
Roger Donaldson,Dwayne Cameron,Mario Andretti,Alastair Caldwell,Documentary,mclaren,Dwayne Cameron Mario Andretti Alastair Caldwell Roger Donaldson Documentary
Blake Freeman,Danny Trejo,Casper Van Dien,Mindy Robinson,Comedy Action Adventure,all about the money,Danny Trejo Casper Van Dien Mindy Robinson Blake Freeman Comedy Action Adventure
Gerard Barrett,Chloë Grace Moretz,Thomas Mann,Richard Armitage,Drama,brain on fire,Chloë Grace Moretz Thomas Mann Richard Armitage Gerard Barrett Drama
Kim Joon-Sung,Go Soo,Sol Kyung-gu,Park Yoo-chun,Sci-Fi Thriller,lucid dream,Go Soo Sol Kyung-gu Park Yoo-chun Kim Joon-Sung Sci-Fi Thriller
Jason Bourque,Sean Bean,Mary McCormack,Joel David Moore,Thriller,drone,Sean Bean Mary McCormack Joel David Moore Jason Bourque Thriller
Patrik Syversen,Marte Germaine Christensen,Patrick Stewart,Tom Rhys Harries,Adventure,dragonheart: battle for the heartfire,Marte Germaine Christensen Patrick Stewart Tom Rhys Harries Patrik Syversen Adventure
Nicole Jones-Dion,Anna Harr,Mark Grossman,Phyllis Spielman,Adventure Sci-Fi,stasis,Anna Harr Mark Grossman Phyllis Spielman Nicole Jones-Dion Adventure Sci-Fi
Anita Barbosa,Isis Valverde,Gil Coelho,Joaquim Lopes,Romance,amor.com,Isis Valverde Gil Coelho Joaquim Lopes Anita Barbosa Romance
Frank Lotito,Roni Akurati,Brighton Sharbino,Jason Lee,Comedy Family Drama,growing up smith,Roni Akurati Brighton Sharbino Jason Lee Frank Lotito Comedy Family Drama
Deb Shoval,Lola Kirke,Breeda Wool,Dale Soules,Drama,awol,Lola Kirke Breeda Wool Dale Soules Deb Shoval Drama
Oren Uziel,Rainn Wilson,Benjamin Walker,John Michael Higgins,Thriller Crime Drama Mystery,shimmer lake,Rainn Wilson Benjamin Walker John Michael Higgins Oren Uziel Thriller Crime Drama Mystery
Alan Mak Anthony Pun,Huang Xuan,Duan Yihong,Lang Yueting,Action Crime Thriller,extraordinary mission,Huang Xuan Duan Yihong Lang Yueting Alan Mak Anthony Pun Action Crime Thriller
Tommy Wirkola,Noomi Rapace,Marwan Kenzari,Christian Rubeck,Sci-Fi Thriller,what happened to monday,Noomi Rapace Marwan Kenzari Christian Rubeck Tommy Wirkola Sci-Fi Thriller
Ben Stassen Jérémie Degruson,Tom Beck,Cinda Adams,Bob Barlen,Animation Comedy,the son of bigfoot,Tom Beck Cinda Adams Bob Barlen Ben Stassen Jérémie Degruson Animation Comedy
Kentaro Hagiwara,Masataka Kubota,Yu Aoi,Fumika Shimizu,Action Drama Horror Thriller,tokyo ghoul,Masataka Kubota Yu Aoi Fumika Shimizu Kentaro Hagiwara Action Drama Horror Thriller
Ildikó Enyedi,Alexandra Borbély,Morcsányi Géza,Zoltán Schneider,Drama Romance,on body and soul,Alexandra Borbély Morcsányi Géza Zoltán Schneider Ildikó Enyedi Drama Romance
David Leitch,Charlize Theron,James McAvoy,Sofia Boutella,Action Thriller,atomic blonde,Charlize Theron James McAvoy Sofia Boutella David Leitch Action Thriller
Gordon Chan,Vincent Zhao,Sammo Hung,Regina Wan,Action History,god of war,Vincent Zhao Sammo Hung Regina Wan Gordon Chan Action History
Tommy Stovall,James Martinez,Trevor Sterling Stovall,Michael Chieffo,Drama Horror Mystery Thriller,aaron's blood,James Martinez Trevor Sterling Stovall Michael Chieffo Tommy Stovall Drama Horror Mystery Thriller
Kim Tae-yoon,Jung Woo,Kang Ha-Neul,Kim Hae-sook,Drama,new trial,Jung Woo Kang Ha-Neul Kim Hae-sook Kim Tae-yoon Drama
David Leveaux,Lily James,Jai Courtney,Eddie Marsan,Drama,the exception,Lily James Jai Courtney Eddie Marsan David Leveaux Drama
Jay Baruchel,Seann William Scott,Alison Pill,Marc-André Grondin,Comedy,goon: last of the enforcers,Seann William Scott Alison Pill Marc-André Grondin Jay Baruchel Comedy
Christopher Nolan,Fionn Whitehead,Tom Glynn-Carney,Jack Lowden,Action Drama History Thriller War,dunkirk,Fionn Whitehead Tom Glynn-Carney Jack Lowden Christopher Nolan Action Drama History Thriller War
Bharathan,Vijay,Keerthi Suresh,Jagapati Babu,Action,bairavaa,Vijay Keerthi Suresh Jagapati Babu Bharathan Action
Alberto G. Rodriguez,Eric Roberts,Leila Almas,Jaime Zevallos,Thriller Drama Mystery,the summoning,Eric Roberts Leila Almas Jaime Zevallos Alberto G. Rodriguez Thriller Drama Mystery
Mark Cullen,Bruce Willis,Jason Momoa,John Goodman,Action Comedy Thriller,once upon a time in venice,Bruce Willis Jason Momoa John Goodman Mark Cullen Action Comedy Thriller
Carlo Guillermo Proto,Denis Harting,Peggy Roux,Lauviah Harting,Documentary,resurrecting hassan,Denis Harting Peggy Roux Lauviah Harting Carlo Guillermo Proto Documentary
Bonni Cohen Jon Shenk,Al Gore,Barack Obama,Donald Trump,Documentary,an inconvenient sequel: truth to power,Al Gore Barack Obama Donald Trump Bonni Cohen Jon Shenk Documentary
Neill Blomkamp,Sigourney Weaver,Eugene Khumbanyiwa,Robert Hobbs,Action Sci-Fi,rakka,Sigourney Weaver Eugene Khumbanyiwa Robert Hobbs Neill Blomkamp Action Sci-Fi
Thomas Q. Napper,Johnny Harris,Ian McShane,Ray Winstone,Action Drama,jawbone,Johnny Harris Ian McShane Ray Winstone Thomas Q. Napper Action Drama
Sung-hoon Kim,Hyun Bin,Yoo Hae-jin,Kim Joo-hyuk,Action Drama Comedy,confidential assignment,Hyun Bin Yoo Hae-jin Kim Joo-hyuk Sung-hoon Kim Action Drama Comedy
Alex Merkin,Dolph Lundgren,Denise Richards,Greer Grammer,Action Thriller,altitude,Dolph Lundgren Denise Richards Greer Grammer Alex Merkin Action Thriller
David Firth,David Firth,Carla Simpson,Christian Webb,Animation Comedy Sci-Fi,cream,David Firth Carla Simpson Christian Webb David Firth Animation Comedy Sci-Fi
Hatem Khraiche,Clara Lago,Belén Rueda,Álex González,Drama Sci-Fi Romance,orbiter 9,Clara Lago Belén Rueda Álex González Hatem Khraiche Drama Sci-Fi Romance
John Scheinfeld,Denzel Washington,Common,Bill Clinton,Documentary,chasing trane,Denzel Washington Common Bill Clinton John Scheinfeld Documentary
Steve James,Neil Barofsky,Ti-Hua Chang,Jiayang Fan,Documentary,abacus: small enough to jail,Neil Barofsky Ti-Hua Chang Jiayang Fan Steve James Documentary
Michael Bay,Mark Wahlberg,Josh Duhamel,Laura Haddock,Action Sci-Fi Thriller Adventure,transformers: the last knight,Mark Wahlberg Josh Duhamel Laura Haddock Michael Bay Action Sci-Fi Thriller Adventure
Jonathan Teplitzky,Brian Cox,Miranda Richardson,John Slattery,Drama Thriller War,churchill,Brian Cox Miranda Richardson John Slattery Jonathan Teplitzky Drama Thriller War
Kabir Khan,Salman Khan,Zhu Zhu,Sohail Khan,Drama History War,tubelight,Salman Khan Zhu Zhu Sohail Khan Kabir Khan Drama History War
Ronnie Thompson,Matthew Goode,Joely Richardson,Larry Lamb,Crime,the hatton garden job,Matthew Goode Joely Richardson Larry Lamb Ronnie Thompson Crime
Joel Hopkins,Diane Keaton,Brendan Gleeson,James Norton,Romance Comedy,hampstead,Diane Keaton Brendan Gleeson James Norton Joel Hopkins Romance Comedy
Minhal Baig,Kyle Allen,Isabelle Fuhrman,Justin Chatwin,Drama Romance,1 night,Kyle Allen Isabelle Fuhrman Justin Chatwin Minhal Baig Drama Romance
Michael John Warren Alex Timbers,Nick Kroll,John Mulaney,Steve Martin,Comedy,"oh, hello: on broadway",Nick Kroll John Mulaney Steve Martin Michael John Warren Alex Timbers Comedy
Douglas Barr,Courtney Thorne-Smith,James Tupper,Adam DiMarco,Mystery,site unseen: an emma fielding mystery,Courtney Thorne-Smith James Tupper Adam DiMarco Douglas Barr Mystery
Phil Guidry Simon Herbert David Whelan,Monica Davis,Edward L. Green,Patrick Pedraza,Horror Mystery,savageland,Monica Davis Edward L. Green Patrick Pedraza Phil Guidry Simon Herbert David Whelan Horror Mystery
Léa Mysius,Noée Abita,Laure Calamy,Juan Cano,Drama,ava,Noée Abita Laure Calamy Juan Cano Léa Mysius Drama
Brent Bonacorso,Bella Thorne,Halston Sage,Taylor John Smith,Thriller Romance Drama,you get me,Bella Thorne Halston Sage Taylor John Smith Brent Bonacorso Thriller Romance Drama
John Shea,Eric Dane,Natalie Zea,Amy Madigan,Thriller,grey lady,Eric Dane Natalie Zea Amy Madigan John Shea Thriller
Joshua Safdie Ben Safdie,Robert Pattinson,Jennifer Jason Leigh,Ben Safdie,Drama Thriller Crime,good time,Robert Pattinson Jennifer Jason Leigh Ben Safdie Joshua Safdie Ben Safdie Drama Thriller Crime
Jason Flemyng,Charlie Cox,Tony Curran,Mackenzie Crook,Action Comedy Horror,eat locals,Charlie Cox Tony Curran Mackenzie Crook Jason Flemyng Action Comedy Horror
Marc Waltman,Sanne Langelaar,Fockeline Ouwerkerk,Imanuelle Grives,Romance Drama,tuintje in mijn hart,Sanne Langelaar Fockeline Ouwerkerk Imanuelle Grives Marc Waltman Romance Drama
Víctor García León,Santiago Alverú,Pepe Ocio,Alicia Rubio,Comedy,selfie,Santiago Alverú Pepe Ocio Alicia Rubio Víctor García León Comedy
Han Han,Eddie Peng,Deng Chao,Zhao Liying,Comedy Drama,duckweed,Eddie Peng Deng Chao Zhao Liying Han Han Comedy Drama
K. V. Anand,Vijay Sethupathi,Madonna Sebastian,T. Rajendar,Thriller Drama,kavan,Vijay Sethupathi Madonna Sebastian T. Rajendar K. V. Anand Thriller Drama
Andrew J. Cohen,Amy Poehler,Will Ferrell,Allison Tolman,Comedy,the house,Amy Poehler Will Ferrell Allison Tolman Andrew J. Cohen Comedy
Laurent Bouzereau,Guillermo del Toro,Steven Spielberg,Paul Greengrass,War Documentary,five came back,Guillermo del Toro Steven Spielberg Paul Greengrass Laurent Bouzereau War Documentary
Bailey Kobe,Julie McNiven,Shaun Sipos,Jessica Camacho,Romance Action Adventure Comedy Drama,the babymoon,Julie McNiven Shaun Sipos Jessica Camacho Bailey Kobe Romance Action Adventure Comedy Drama
Greg Barker,Jason Amerine,George W. Bush,Mark Nutsch,Documentary,legion of brothers,Jason Amerine George W. Bush Mark Nutsch Greg Barker Documentary
Carla Simón,Laia Artigas,Bruna Cusí,David Verdaguer,Drama Family,summer 1993,Laia Artigas Bruna Cusí David Verdaguer Carla Simón Drama Family
Volker Schlöndorff,Stellan Skarsgård,Nina Hoss,Bronagh Gallagher,Drama,return to montauk,Stellan Skarsgård Nina Hoss Bronagh Gallagher Volker Schlöndorff Drama
Philippe Falardeau,Liev Schreiber,Naomi Watts,Elisabeth Moss,Drama,chuck,Liev Schreiber Naomi Watts Elisabeth Moss Philippe Falardeau Drama
Paul Currie,Michiel Huisman,Teresa Palmer,Sam Reid,Drama Thriller,2:22,Michiel Huisman Teresa Palmer Sam Reid Paul Currie Drama Thriller
Christian Duguay,Dorian Le Clech,Batyste Fleurial,Patrick Bruel,Drama,a bag of marbles,Dorian Le Clech Batyste Fleurial Patrick Bruel Christian Duguay Drama
Brad Epstein,Alex Meneses,Faizon Love,Russell Peters,Comedy,ripped,Alex Meneses Faizon Love Russell Peters Brad Epstein Comedy
Neill Blomkamp,Steve Boyle,Nic Rhind,Robert Hobbs,Action Sci-Fi War,firebase,Steve Boyle Nic Rhind Robert Hobbs Neill Blomkamp Action Sci-Fi War
Jeff Orlowski,Andrew Ackerman,Pim Bongaerts,Neal Cantin,Documentary,chasing coral,Andrew Ackerman Pim Bongaerts Neal Cantin Jeff Orlowski Documentary
Alexandre O. Philippe,Guillermo del Toro,Peter Bogdanovich,Karyn Kusama,Documentary,78/52,Guillermo del Toro Peter Bogdanovich Karyn Kusama Alexandre O. Philippe Documentary
Kip Andersen Keegan Kuhn,Kip Andersen,Larry Baldwin,Neal Barnard,Documentary,what the health,Kip Andersen Larry Baldwin Neal Barnard Kip Andersen Keegan Kuhn Documentary
Joe Miale,Lee Pace,Bérénice Marlohe,Jason Flemyng,Sci-Fi,revolt,Lee Pace Bérénice Marlohe Jason Flemyng Joe Miale Sci-Fi
Timothy Woodward Jr.,Luke Hemsworth,Trace Adkins,Bruce Dern,Western,hickok,Luke Hemsworth Trace Adkins Bruce Dern Timothy Woodward Jr. Western
Joshua Tunick,Anthony Rapp,Alona Tal,Alyson Hannigan,Drama,do you take this man,Anthony Rapp Alona Tal Alyson Hannigan Joshua Tunick Drama
Nikolaj Arcel,Idris Elba,Matthew McConaughey,Tom Taylor,Action Western Sci-Fi Fantasy Horror,the dark tower,Idris Elba Matthew McConaughey Tom Taylor Nikolaj Arcel Action Western Sci-Fi Fantasy Horror
300ml,Selton Mello,Ralph Ineson,Seu Jorge,Drama,soundtrack,Selton Mello Ralph Ineson Seu Jorge 300ml Drama
Mohammad Hossein Mahdavian,Mehrdad Sedighian,Babak Hamidian,Javad Ezati,Action Crime History,midday event,Mehrdad Sedighian Babak Hamidian Javad Ezati Mohammad Hossein Mahdavian Action Crime History
Jonathan Baker,Nicolas Cage,Gina Gershon,Nicky Whelan,Thriller Drama,inconceivable,Nicolas Cage Gina Gershon Nicky Whelan Jonathan Baker Thriller Drama
Alain Desrochers,Patrick Huard,Colm Feore,Erik Knudsen,Crime Comedy Action,bon cop bad cop 2,Patrick Huard Colm Feore Erik Knudsen Alain Desrochers Crime Comedy Action
Alain Desrochers,Antonio Banderas,Ben Kingsley,Liam McIntyre,Action,security,Antonio Banderas Ben Kingsley Liam McIntyre Alain Desrochers Action
Antonio Negret,Scott Eastwood,Freddie Thorp,Ana de Armas,Thriller Action,overdrive,Scott Eastwood Freddie Thorp Ana de Armas Antonio Negret Thriller Action
Dan Harris,Liam James,Sarah Steele,Austin P. McKenzie,Comedy Drama,speech & debate,Liam James Sarah Steele Austin P. McKenzie Dan Harris Comedy Drama
Jake Szymanski,Orlando Bloom,Andy Samberg,John Cena,Comedy TV Movie,tour de pharmacy,Orlando Bloom Andy Samberg John Cena Jake Szymanski Comedy TV Movie
Wayne Blair,Abigail Breslin,Colt Prattes,Sarah Hyland,Music Drama Romance TV Movie,dirty dancing,Abigail Breslin Colt Prattes Sarah Hyland Wayne Blair Music Drama Romance TV Movie
Clay Staub,Milo Ventimiglia,Bridget Regan,Amanda Schull,Sci-Fi Thriller,devil's gate,Milo Ventimiglia Bridget Regan Amanda Schull Clay Staub Sci-Fi Thriller
Molly Smith Maurice Smith,Karolina Antosik,Amelie Leroy,Tessa McGinn,Fantasy Drama,abduction,Karolina Antosik Amelie Leroy Tessa McGinn Molly Smith Maurice Smith Fantasy Drama
Vanessa Gould,William McDonald,Bruce Weber,Margalit Fox,Documentary,obit,William McDonald Bruce Weber Margalit Fox Vanessa Gould Documentary
Craig Thompson,William Shatner,Neil deGrasse Tyson,Chris Hadfield,Documentary,the truth is in the stars,William Shatner Neil deGrasse Tyson Chris Hadfield Craig Thompson Documentary
Anthony Leondis,T.J. Miller,James Corden,Anna Faris,Comedy Family Animation,the emoji movie,T.J. Miller James Corden Anna Faris Anthony Leondis Comedy Family Animation
Abel Vang Burlee Vang,Saxon Sharbino,Bonnie Morgan,Brandon Soo Hoo,Horror Thriller,bedeviled,Saxon Sharbino Bonnie Morgan Brandon Soo Hoo Abel Vang Burlee Vang Horror Thriller
Ernie Barbarash,Adam Rayner,Eliza Dushku,Ian Ogilvy,Action Adventure Crime,the saint,Adam Rayner Eliza Dushku Ian Ogilvy Ernie Barbarash Action Adventure Crime
Riccardo Milani,Paola Cortellesi,Antonio Albanese,Carlo Buccirosso,Comedy,mom or dad?,Paola Cortellesi Antonio Albanese Carlo Buccirosso Riccardo Milani Comedy
John Jencks,Roger Allam,Matthew Modine,Tim McInnerny,Comedy,the hippopotamus,Roger Allam Matthew Modine Tim McInnerny John Jencks Comedy
Taylor Sheridan,Jeremy Renner,Elizabeth Olsen,Gil Birmingham,Action Crime Mystery Thriller,wind river,Jeremy Renner Elizabeth Olsen Gil Birmingham Taylor Sheridan Action Crime Mystery Thriller
Tarik Saleh,Fares Fares,Mari Malek,Mohamed Yousry,Thriller Drama,the nile hilton incident,Fares Fares Mari Malek Mohamed Yousry Tarik Saleh Thriller Drama
Roman Volobuev,Svetlana Ustinova,Anna Chipovskaya,Yevgeni Tsyganov,Comedy Crime,blockbuster,Svetlana Ustinova Anna Chipovskaya Yevgeni Tsyganov Roman Volobuev Comedy Crime
Ric Roman Waugh,Nikolaj Coster-Waldau,Jon Bernthal,Lake Bell,Drama Crime Thriller,shot caller,Nikolaj Coster-Waldau Jon Bernthal Lake Bell Ric Roman Waugh Drama Crime Thriller
Tony Giglio,Adrianne Palicki,Michael Jai White,Ty Olsson,Action Crime Thriller,s.w.a.t.: under siege,Adrianne Palicki Michael Jai White Ty Olsson Tony Giglio Action Crime Thriller
Manuk Depoyan,Arsen Shavlyuk,Vasyl Virastyuk,Ruslana Pysanka,Family Comedy Animation Fantasy Adventure,the dragon spell,Arsen Shavlyuk Vasyl Virastyuk Ruslana Pysanka Manuk Depoyan Family Comedy Animation Fantasy Adventure
John R. Leonetti,Joey King,Ryan Phillippe,Sherilyn Fenn,Fantasy Horror Thriller,wish upon,Joey King Ryan Phillippe Sherilyn Fenn John R. Leonetti Fantasy Horror Thriller
Malcolm D. Lee,Regina Hall,Queen Latifah,Jada Pinkett Smith,Comedy,girls trip,Regina Hall Queen Latifah Jada Pinkett Smith Malcolm D. Lee Comedy
Gillian Robespierre,Jenny Slate,Edie Falco,Abby Quinn,Comedy,landline,Jenny Slate Edie Falco Abby Quinn Gillian Robespierre Comedy
Kathryn Bigelow,John Boyega,Will Poulter,Algee Smith,Thriller Crime Drama History,detroit,John Boyega Will Poulter Algee Smith Kathryn Bigelow Thriller Crime Drama History
Kogonada,John Cho,Haley Lu Richardson,Parker Posey,Drama,columbus,John Cho Haley Lu Richardson Parker Posey Kogonada Drama
Heber Cannon Marston Sawyers Ian Wittenber Mariah Moore,Matt Fraser,Ben Smith,Sara Sigmundsdottir,Documentary,fittest on earth: a decade of fitness,Matt Fraser Ben Smith Sara Sigmundsdottir Heber Cannon Marston Sawyers Ian Wittenber Mariah Moore Documentary
Emilis Velyvis,Inga Jankauskaitė,Mindaugas Papinigis,Ramūnas Rudokas,Thriller,zero 3,Inga Jankauskaitė Mindaugas Papinigis Ramūnas Rudokas Emilis Velyvis Thriller
Tommy Bertelsen,Troian Bellisario,Tom Felton,Ben Winchell,Drama,feed,Troian Bellisario Tom Felton Ben Winchell Tommy Bertelsen Drama
Ibai Abad,Lewis Rainer,Joséphine Berry,Charlotte Atkinson,Drama Music Romance,the girl from the song,Lewis Rainer Joséphine Berry Charlotte Atkinson Ibai Abad Drama Music Romance
Julian Radlmaier,Julian Radlmaier,Deragh Campbell,Beniamin Forthi,Comedy,self-criticism of a bourgeois dog,Julian Radlmaier Deragh Campbell Beniamin Forthi Julian Radlmaier Comedy
Pierre Coré,Omar Sy,Louane Emera,Franck Gastambide,Adventure Animation Comedy Family,sahara,Omar Sy Louane Emera Franck Gastambide Pierre Coré Adventure Animation Comedy Family
François Ozon,Marine Vacth,Jérémie Renier,Jacqueline Bisset,Thriller,the double lover,Marine Vacth Jérémie Renier Jacqueline Bisset François Ozon Thriller
Steven C. Miller,Bruce Willis,Hayden Christensen,Gethin Anthony,Action Thriller,first kill,Bruce Willis Hayden Christensen Gethin Anthony Steven C. Miller Action Thriller
T.J. Martin Daniel Lindsay,Rodney King,Tom Brokaw,George H. W. Bush,Documentary,la 92,Rodney King Tom Brokaw George H. W. Bush T.J. Martin Daniel Lindsay Documentary
Kenny Ortega,Dove Cameron,Sofia Carson,Cameron Boyce,TV Movie Family Action Comedy Music Adventure,descendants 2,Dove Cameron Sofia Carson Cameron Boyce Kenny Ortega TV Movie Family Action Comedy Music Adventure
Maria Sadowska,Magdalena Boczarska,Piotr Adamczyk,Justyna Wasilewska,Drama,the art of loving. story of michalina wislocka,Magdalena Boczarska Piotr Adamczyk Justyna Wasilewska Maria Sadowska Drama
Sam Garbarski,Anatole Taubman,Moritz Bleibtreu,Joel Basman,Comedy Drama War,bye bye germany,Anatole Taubman Moritz Bleibtreu Joel Basman Sam Garbarski Comedy Drama War
Timothy Woodward Jr.,Kaiwi Lyman,Bruce Dern,Denise Richards,Crime Drama Thriller,american violence,Kaiwi Lyman Bruce Dern Denise Richards Timothy Woodward Jr. Crime Drama Thriller
Philippe de Chauveron,Christian Clavier,Ary Abittan,Elsa Zylberstein,Comedy,with open arms,Christian Clavier Ary Abittan Elsa Zylberstein Philippe de Chauveron Comedy
Thomas Kruithof,François Cluzet,Denis Podalydès,Sami Bouajila,Thriller,scribe,François Cluzet Denis Podalydès Sami Bouajila Thomas Kruithof Thriller
Todd Grimes,Grey Griffin,Tara Strong,Anais Fairweather,Animation,lego dc super hero girls: brain drain,Grey Griffin Tara Strong Anais Fairweather Todd Grimes Animation
Pat Healy,Taylor Schilling,Pat Healy,Alycia Delmore,Comedy Crime,take me,Taylor Schilling Pat Healy Alycia Delmore Pat Healy Comedy Crime
Anshai Lal,Anushka Sharma,Diljit Dosanjh,Suraj Sharma,Fantasy Comedy Romance Drama,phillauri,Anushka Sharma Diljit Dosanjh Suraj Sharma Anshai Lal Fantasy Comedy Romance Drama
Jim Strouse,Jessica Williams,Chris O'Dowd,Keith Stanfield,Romance Comedy,the incredible jessica james,Jessica Williams Chris O'Dowd Keith Stanfield Jim Strouse Romance Comedy
Farhad Mann,Adelaide Kane,Benjamin Hollingsworth,Jean Louisa Kelly,Romance,can't buy my love,Adelaide Kane Benjamin Hollingsworth Jean Louisa Kelly Farhad Mann Romance
Hannaleena Hauru,Inka Haapamäki,Rosa Honkonen,Tiitus Rantala,Romance Comedy,thick lashes of lauri mäntyvaara,Inka Haapamäki Rosa Honkonen Tiitus Rantala Hannaleena Hauru Romance Comedy
Jonathan A. Rosenbaum,Lou Diamond Phillips,Wallace Shawn,Gina Holden,Crime Comedy Action Family,cop and a half: new recruit,Lou Diamond Phillips Wallace Shawn Gina Holden Jonathan A. Rosenbaum Crime Comedy Action Family
Ravi Udyawar,Sridevi Kapoor,Sajal Ali,Akshaye Khanna,Crime Drama Thriller,mom,Sridevi Kapoor Sajal Ali Akshaye Khanna Ravi Udyawar Crime Drama Thriller
